timestamp,speed,speed_true,dt
2024-01-01T00:00:00,0.0,0.0,0.0
2024-01-01T00:01:02,3.5751855549702984,0.0,62.0
2024-01-01T00:02:04,0.0,0.0,62.0
2024-01-01T00:03:06,2.5001296928155052,0.0,62.0
2024-01-01T00:04:08,0.4608315664435348,0.0,62.0
2024-01-01T00:05:10,0.45919678350749327,0.0,62.0
2024-01-01T00:06:12,2.765888613772929,0.0,62.0
2024-01-01T00:07:14,1.1740559079027761,0.0,62.0
2024-01-01T00:08:16,0.5622721174992309,0.0,62.0
2024-01-01T00:09:18,0.0,0.0,62.0
2024-01-01T00:10:20,0.0,0.0,62.0
2024-01-01T00:11:22,0.6878324610283818,0.0,62.0
2024-01-01T00:12:24,2.2016749580568624,0.0,62.0
2024-01-01T00:13:26,0.1926766008694396,0.0,62.0
2024-01-01T00:14:28,0.0,0.0,62.0
2024-01-01T00:15:30,0.0,0.0,62.0
2024-01-01T00:16:32,0.0,0.0,62.0
2024-01-01T00:17:34,0.1964716937955537,0.0,62.0
2024-01-01T00:18:36,0.0,0.0,62.0
2024-01-01T00:19:38,0.0,0.0,62.0
2024-01-01T00:20:40,0.0,0.0,62.0
2024-01-01T00:21:42,2.1726175051835854,0.0,62.0
2024-01-01T00:22:44,1.027079081832626,0.0,62.0
2024-01-01T00:23:46,0.42880767805517395,0.0,62.0
2024-01-01T00:24:48,0.28272957114063174,0.0,62.0
2024-01-01T00:25:50,0.8267650535357088,0.0,62.0
2024-01-01T00:26:52,0.0,0.0,62.0
2024-01-01T00:27:54,0.0,0.0,62.0
2024-01-01T00:28:56,1.107290938887407,0.0,62.0
2024-01-01T00:29:58,0.0,0.0,62.0
2024-01-01T00:31:00,0.0,0.0,62.0
2024-01-01T00:32:02,2.1649500151946826,0.0,62.0
2024-01-01T00:33:04,0.0,0.0,62.0
2024-01-01T00:34:06,2.277484236850971,0.0,62.0
2024-01-01T00:35:08,0.7596828697616441,0.0,62.0
2024-01-01T00:36:10,0.0,0.0,62.0
2024-01-01T00:37:12,0.036381830830486864,0.0,62.0
2024-01-01T00:38:14,0.0,0.0,62.0
2024-01-01T00:39:16,1.2115885925325722,0.0,62.0
2024-01-01T00:40:18,1.1818968787440793,0.0,62.0
2024-01-01T00:41:20,0.6920452816201397,0.0,62.0
2024-01-01T00:42:22,1.1195746214753468,0.0,62.0
2024-01-01T00:43:24,0.0,0.0,62.0
2024-01-01T00:44:26,2.6425126427909675,0.0,62.0
2024-01-01T00:45:28,1.83541032518644,0.0,62.0
2024-01-01T00:46:30,0.0,0.0,62.0
2024-01-01T00:47:32,1.216292574049837,0.0,62.0
2024-01-01T00:48:34,1.085373428865085,0.0,62.0
2024-01-01T00:49:36,0.0,0.0,62.0
2024-01-01T00:50:38,0.0,0.0,62.0
2024-01-01T00:51:40,1.8217620176667055,0.0,62.0
2024-01-01T00:52:42,0.0,0.0,62.0
2024-01-01T00:53:44,0.39025783550468096,0.0,62.0
2024-01-01T00:54:46,2.101656098196122,0.0,62.0
2024-01-01T00:55:48,3.800008501046765,0.0,62.0
2024-01-01T00:56:50,0.0,0.0,62.0
2024-01-01T00:57:52,0.0,0.0,62.0
2024-01-01T00:58:54,0.11100601791429787,0.0,62.0
2024-01-01T00:59:56,0.14510464910702114,0.0,62.0
2024-01-01T01:00:00,0.5645323329178363,0.0,4.0
2024-01-01T01:01:02,0.0,0.0,62.0
2024-01-01T01:02:04,0.0,0.0,62.0
2024-01-01T01:03:06,2.6307378672746218,0.0,62.0
2024-01-01T01:04:08,0.9181237512056739,0.0,62.0
2024-01-01T01:05:10,0.0,0.0,62.0
2024-01-01T01:06:12,0.7071139118810987,0.0514444,62.0
2024-01-01T01:07:14,2.749425788930632,0.0,62.0
2024-01-01T01:08:16,0.0,0.0,62.0
2024-01-01T01:09:18,0.3167103196154397,0.0,62.0
2024-01-01T01:10:20,0.0,0.0,62.0
2024-01-01T01:11:22,0.0,0.0,62.0
2024-01-01T01:12:24,0.9248930791718357,0.0,62.0
2024-01-01T01:13:26,0.0,0.0,62.0
2024-01-01T01:14:28,0.0,0.0,62.0
2024-01-01T01:15:30,1.1998909492948755,0.0,62.0
2024-01-01T01:16:32,0.8838001983488842,0.0,62.0
2024-01-01T01:17:34,0.0,0.0,62.0
2024-01-01T01:18:36,0.6121067123533592,0.0514444,62.0
2024-01-01T01:19:38,0.8380782557810666,0.0,62.0
2024-01-01T01:20:40,0.16197827502904583,0.0,62.0
2024-01-01T01:21:42,1.6340089639750375,0.0,62.0
2024-01-01T01:22:44,0.0,0.0,62.0
2024-01-01T01:23:46,0.618726694187269,0.0,62.0
2024-01-01T01:24:48,0.0,0.0,62.0
2024-01-01T01:25:50,0.0,0.0,62.0
2024-01-01T01:26:52,1.1716184718229097,0.0,62.0
2024-01-01T01:27:54,0.030843705644741197,0.0,62.0
2024-01-01T01:28:56,0.0,0.0,62.0
2024-01-01T01:29:58,0.0,0.0,62.0
2024-01-01T01:31:00,1.2406535726450107,0.0,62.0
2024-01-01T01:32:02,0.0,0.0,62.0
2024-01-01T01:33:04,1.4893162022830313,0.0,62.0
2024-01-01T01:34:06,0.676496055648921,0.0,62.0
2024-01-01T01:35:08,0.0,0.0,62.0
2024-01-01T01:36:10,0.1889421223179586,0.0,62.0
2024-01-01T01:37:12,3.9805873130495257,0.0,62.0
2024-01-01T01:38:14,1.7841274266952145,0.0,62.0
2024-01-01T01:39:16,0.0,0.0,62.0
2024-01-01T01:40:18,1.075058523358064,0.0,62.0
2024-01-01T01:41:20,0.0,0.0,62.0
2024-01-01T01:42:22,0.0,0.0,62.0
2024-01-01T01:43:24,0.0,0.0,62.0
2024-01-01T01:44:26,0.8274784028686115,0.0,62.0
2024-01-01T01:45:28,1.2169954783821266,0.0,62.0
2024-01-01T01:46:30,0.9269681382085818,0.0,62.0
2024-01-01T01:47:32,0.7421251688028009,0.0,62.0
2024-01-01T01:48:36,0.0,0.0,64.0
2024-01-01T01:49:38,0.0,0.0,62.0
2024-01-01T01:50:40,1.4530228374468324,0.0,62.0
2024-01-01T01:51:42,0.6649363899111382,0.0,62.0
2024-01-01T01:52:44,0.27315904808599023,0.0,62.0
2024-01-01T01:53:46,0.36274637752895167,0.0,62.0
2024-01-01T01:54:48,0.46877981966582977,0.0,62.0
2024-01-01T01:55:50,0.0,0.0,62.0
2024-01-01T01:56:52,1.7323367139530905,0.0,62.0
2024-01-01T01:57:54,0.0,0.0,62.0
2024-01-01T01:58:56,1.0613796862283416,0.0,62.0
2024-01-01T01:59:58,0.0,0.0,62.0
2024-01-01T02:00:00,2.491487856210934,0.0,2.0
2024-01-01T02:01:02,0.0,0.0,62.0
2024-01-01T02:02:04,3.812011548045789,0.0,62.0
2024-01-01T02:03:06,3.178860580843426,0.0,62.0
2024-01-01T02:04:08,0.0,0.0,62.0
2024-01-01T02:05:10,1.225555029388787,0.0,62.0
2024-01-01T02:06:14,0.0,0.0,64.0
2024-01-01T02:07:16,0.0,0.0,62.0
2024-01-01T02:08:18,0.0,0.0,62.0
2024-01-01T02:09:20,0.6718960100690853,0.0,62.0
2024-01-01T02:10:22,0.48695518564410395,0.0,62.0
2024-01-01T02:11:24,0.0,0.0,62.0
2024-01-01T02:12:26,0.6599271051046656,0.0,62.0
2024-01-01T02:13:28,0.0,0.0,62.0
2024-01-01T02:14:30,0.0,0.0,62.0
2024-01-01T02:15:32,0.0,0.0,62.0
2024-01-01T02:16:34,2.490640280240021,0.0,62.0
2024-01-01T02:17:36,0.0,0.0,62.0
2024-01-01T02:18:38,0.0,0.0,62.0
2024-01-01T02:19:40,1.2217000991227598,0.0,62.0
2024-01-01T02:20:42,0.0,0.0,62.0
2024-01-01T02:21:44,0.32164339561867084,0.0,62.0
2024-01-01T02:22:46,0.0,0.0,62.0
2024-01-01T02:23:48,2.642505348205316,0.0,62.0
2024-01-01T02:24:50,0.0,0.0,62.0
2024-01-01T02:25:52,0.0,0.0,62.0
2024-01-01T02:26:54,0.0,0.0,62.0
2024-01-01T02:27:56,0.0,0.0,62.0
2024-01-01T02:28:58,0.0,0.0,62.0
2024-01-01T02:30:00,2.6546860992556662,0.0,62.0
2024-01-01T02:31:02,1.8727020591341381,0.0,62.0
2024-01-01T02:32:04,3.0617857547911287,0.0,62.0
2024-01-01T02:33:06,0.7188751438450877,0.0,62.0
2024-01-01T02:34:08,0.2146503114646488,0.0,62.0
2024-01-01T02:35:10,0.0,0.0,62.0
2024-01-01T02:36:12,0.4045016834809206,0.0,62.0
2024-01-01T02:37:14,0.0,0.0,62.0
2024-01-01T02:38:16,1.1679410469632363,0.0,62.0
2024-01-01T02:39:18,0.0,0.0,62.0
2024-01-01T02:40:20,0.07902368146512297,0.0,62.0
2024-01-01T02:41:22,0.0,0.0,62.0
2024-01-01T02:42:24,0.5064188888327779,0.0,62.0
2024-01-01T02:43:26,0.7021950546581994,0.0,62.0
2024-01-01T02:44:28,0.0,0.0,62.0
2024-01-01T02:45:30,0.0,0.0,62.0
2024-01-01T02:46:32,0.0,0.0,62.0
2024-01-01T02:47:34,0.0,0.0,62.0
2024-01-01T02:48:36,0.0,0.0,62.0
2024-01-01T02:49:38,2.0677353332290944,0.0,62.0
2024-01-01T02:50:40,0.6542294722620542,0.0,62.0
2024-01-01T02:51:42,0.8985593696015073,0.0,62.0
2024-01-01T02:52:44,0.0,0.0,62.0
2024-01-01T02:53:46,1.9397671282923337,0.0,62.0
2024-01-01T02:54:48,0.9744141601478431,0.0,62.0
2024-01-01T02:55:50,0.0,0.0,62.0
2024-01-01T02:56:52,0.0,0.0,62.0
2024-01-01T02:57:54,0.0,0.0,62.0
2024-01-01T02:58:56,0.0,0.0,62.0
2024-01-01T02:59:58,0.0,0.0,62.0
2024-01-01T03:00:00,0.0,0.0,2.0
2024-01-01T03:01:02,1.0821538610161265,0.0,62.0
2024-01-01T03:02:04,0.0,0.0,62.0
2024-01-01T03:03:06,2.1448916854981337,0.0,62.0
2024-01-01T03:04:08,1.497174733074181,0.0,62.0
2024-01-01T03:05:10,0.31602778244321833,0.0,62.0
2024-01-01T03:06:12,0.0,0.0,62.0
2024-01-01T03:07:14,1.624575983330374,0.0,62.0
2024-01-01T03:08:16,0.0,0.0,62.0
2024-01-01T03:09:18,0.0,0.0,62.0
2024-01-01T03:10:20,1.7080771017841467,0.0,62.0
2024-01-01T03:11:22,3.1400935875748894,0.0,62.0
2024-01-01T03:12:24,0.0,0.0,62.0
2024-01-01T03:13:26,0.6371989702151779,0.0,62.0
2024-01-01T03:14:28,0.0,0.0,62.0
2024-01-01T03:15:30,0.7524595233912876,0.0,62.0
2024-01-01T03:16:32,0.0,0.0,62.0
2024-01-01T03:17:34,1.817322385367642,0.0,62.0
2024-01-01T03:18:36,0.0,0.0,62.0
2024-01-01T03:19:38,0.06971800380718213,0.0,62.0
2024-01-01T03:20:40,2.4466726461833748,0.0,62.0
2024-01-01T03:21:42,0.0,0.0,62.0
2024-01-01T03:22:44,1.0272632911583865,0.0,62.0
2024-01-01T03:23:46,0.0,0.0,62.0
2024-01-01T03:24:48,1.794446315764708,0.0,62.0
2024-01-01T03:25:50,2.7315775732454832,0.0514444,62.0
2024-01-01T03:26:52,0.0,0.0,62.0
2024-01-01T03:27:54,0.0,0.0,62.0
2024-01-01T03:28:56,0.0,0.0,62.0
2024-01-01T03:29:58,3.648954486032632,0.0,62.0
2024-01-01T03:31:00,0.0,0.0,62.0
2024-01-01T03:32:02,2.707976125597091,0.0514444,62.0
2024-01-01T03:33:04,0.0,0.0,62.0
2024-01-01T03:34:06,0.0,0.0,62.0
2024-01-01T03:35:08,1.1687813655012058,0.0,62.0
2024-01-01T03:36:10,0.9890114926036679,0.0,62.0
2024-01-01T03:37:12,1.2782612719828577,0.0,62.0
2024-01-01T03:38:14,0.007365837845330156,0.0,62.0
2024-01-01T03:39:16,1.5515401470218386,0.0,62.0
2024-01-01T03:40:18,1.4422501414559528,0.0,62.0
2024-01-01T03:41:20,1.7235420944974404,0.0,62.0
2024-01-01T03:42:22,0.0,0.0,62.0
2024-01-01T03:43:24,1.5504438041683666,0.0,62.0
2024-01-01T03:44:26,0.0,0.0,62.0
2024-01-01T03:45:28,0.0,0.0,62.0
2024-01-01T03:46:30,0.0,0.0,62.0
2024-01-01T03:47:32,0.0,0.0,62.0
2024-01-01T03:48:34,0.0,0.0,62.0
2024-01-01T03:49:36,1.835586063757082,0.0,62.0
2024-01-01T03:50:38,0.0,0.0,62.0
2024-01-01T03:51:42,0.0,0.0,64.0
2024-01-01T03:52:44,0.0,0.0,62.0
2024-01-01T03:53:46,0.0,0.0,62.0
2024-01-01T03:54:48,0.0,0.0,62.0
2024-01-01T03:55:50,1.918625804163633,0.0,62.0
2024-01-01T03:56:52,0.0,0.0,62.0
2024-01-01T03:57:54,2.571831221641512,0.0,62.0
2024-01-01T03:58:56,1.7089070987956523,0.0,62.0
2024-01-01T03:59:58,0.0,0.0,62.0
2024-01-01T04:00:00,0.4797174521942672,0.0,2.0
2024-01-01T04:01:02,0.7790194943957003,0.0,62.0
2024-01-01T04:02:04,1.262410805637587,0.0,62.0
2024-01-01T04:03:06,1.4107005115821443,0.0,62.0
2024-01-01T04:04:08,0.27994898476910807,0.0,62.0
2024-01-01T04:05:10,0.0,0.0,62.0
2024-01-01T04:06:12,0.9613324867704309,0.0,62.0
2024-01-01T04:07:14,0.0,0.0,62.0
2024-01-01T04:08:16,0.0,0.0,62.0
2024-01-01T04:09:18,0.5854177155893192,0.0,62.0
2024-01-01T04:10:20,0.0,0.0,62.0
2024-01-01T04:11:22,0.0,0.0,62.0
2024-01-01T04:12:24,0.009031703725037895,0.0,62.0
2024-01-01T04:13:26,0.0,0.0,62.0
2024-01-01T04:14:28,0.20856221567007927,0.0,62.0
2024-01-01T04:15:30,0.0,0.0,62.0
2024-01-01T04:16:32,0.0,0.0,62.0
2024-01-01T04:17:34,0.06936273752729889,0.0,62.0
2024-01-01T04:18:36,0.0,0.0,62.0
2024-01-01T04:19:40,0.11344016758560524,0.0,64.0
2024-01-01T04:20:42,0.705898370255039,0.0,62.0
2024-01-01T04:21:44,0.45787298942635657,0.0,62.0
2024-01-01T04:22:46,1.183326311322963,0.0,62.0
2024-01-01T04:23:48,1.7480285738281742,0.0,62.0
2024-01-01T04:24:50,0.0,0.0,62.0
2024-01-01T04:25:52,1.6431742267634242,0.0,62.0
2024-01-01T04:26:54,0.0,0.0,62.0
2024-01-01T04:27:56,0.0,0.0,62.0
2024-01-01T04:28:58,0.0,0.0,62.0
2024-01-01T04:30:00,0.40046638480748864,0.0,62.0
2024-01-01T04:31:02,1.6277667722584757,0.0,62.0
2024-01-01T04:32:04,0.0021942822206853035,0.0,62.0
2024-01-01T04:33:06,0.0,0.0,62.0
2024-01-01T04:34:08,2.1663900702305683,0.0,62.0
2024-01-01T04:35:10,0.0,0.0,62.0
2024-01-01T04:36:12,0.0,0.0514444,62.0
2024-01-01T04:37:14,1.339176567340483,0.0,62.0
2024-01-01T04:38:16,2.6496858698063424,0.0,62.0
2024-01-01T04:39:18,0.7210218963305923,0.0,62.0
2024-01-01T04:40:20,0.3748313372457451,0.0,62.0
2024-01-01T04:41:22,0.0,0.0,62.0
2024-01-01T04:42:24,0.8221067370738918,0.0,62.0
2024-01-01T04:43:26,0.1940515065162186,0.0,62.0
2024-01-01T04:44:28,0.0,0.0,62.0
2024-01-01T04:45:30,0.0,0.0,62.0
2024-01-01T04:46:32,0.0,0.0,62.0
2024-01-01T04:47:34,0.020423421571240483,0.0,62.0
2024-01-01T04:48:36,0.24275920956390215,0.0,62.0
2024-01-01T04:49:38,2.451574797971646,0.0,62.0
2024-01-01T04:50:40,0.0,0.0,62.0
2024-01-01T04:51:42,0.0,0.0,62.0
2024-01-01T04:52:44,1.888771982269807,0.0,62.0
2024-01-01T04:53:46,2.7076340256868354,0.0,62.0
2024-01-01T04:54:48,0.7120664660979976,0.0,62.0
2024-01-01T04:55:50,0.0,0.0,62.0
2024-01-01T04:56:52,0.0,0.0,62.0
2024-01-01T04:57:54,0.0,0.0,62.0
2024-01-01T04:58:56,0.0,0.0,62.0
2024-01-01T04:59:58,0.15234363525541159,0.0,62.0
2024-01-01T04:59:58,0.0,0.0,0.0
2024-01-01T05:01:00,0.9351119609925411,0.0,62.0
2024-01-01T05:02:28,0.0,0.0,88.0
2024-01-01T05:03:30,0.0,0.0,62.0
2024-01-01T05:04:32,0.5120163890179854,0.0,62.0
2024-01-01T05:05:34,3.757897868210197,0.0,62.0
2024-01-01T05:06:36,0.0,0.0,62.0
2024-01-01T05:07:38,0.20833128201806494,0.0,62.0
2024-01-01T05:08:40,1.2703883718190208,0.0,62.0
2024-01-01T05:09:42,0.0,0.0,62.0
2024-01-01T05:10:44,1.909136304953074,0.0,62.0
2024-01-01T05:11:46,0.0,0.0,62.0
2024-01-01T05:12:48,0.0,0.0,62.0
2024-01-01T05:13:50,0.0,0.0,62.0
2024-01-01T05:14:52,0.226736617880412,0.0,62.0
2024-01-01T05:15:54,0.0,0.0,62.0
2024-01-01T05:16:56,2.0291098419916436,0.0,62.0
2024-01-01T05:17:58,0.6213263774262521,0.0,62.0
2024-01-01T05:19:00,1.6842471682486915,0.0,62.0
2024-01-01T05:20:02,2.419553606195806,0.0,62.0
2024-01-01T05:21:04,0.0,0.0,62.0
2024-01-01T05:22:06,0.0,0.0,62.0
2024-01-01T05:23:08,1.7195491129452467,0.0,62.0
2024-01-01T05:24:10,0.0,0.0,62.0
2024-01-01T05:25:12,0.0,0.0,62.0
2024-01-01T05:26:14,0.8644494795607647,0.0,62.0
2024-01-01T05:27:16,3.695335398198389,0.0,62.0
2024-01-01T05:28:18,0.0,0.0,62.0
2024-01-01T05:29:20,1.4266744609534783,0.0,62.0
2024-01-01T05:30:22,0.0,0.0,62.0
2024-01-01T05:31:24,0.0,0.0,62.0
2024-01-01T05:32:26,1.3709107039844872,0.0,62.0
2024-01-01T05:33:28,0.8191097577124015,0.0,62.0
2024-01-01T05:34:30,0.0,0.0,62.0
2024-01-01T05:35:32,2.559328962038092,0.0,62.0
2024-01-01T05:36:34,0.0,0.0,62.0
2024-01-01T05:37:36,0.0,0.0,62.0
2024-01-01T05:38:38,0.0,0.0,62.0
2024-01-01T05:39:40,0.0,0.0,62.0
2024-01-01T05:40:42,2.1980320612929263,0.0,62.0
2024-01-01T05:41:44,0.07379690671614407,0.0,62.0
2024-01-01T05:42:46,0.0,0.0,62.0
2024-01-01T05:43:48,0.0,0.0,62.0
2024-01-01T05:44:50,1.6299503127622954,0.0,62.0
2024-01-01T05:45:52,0.0,0.0,62.0
2024-01-01T05:46:54,0.0,0.0,62.0
2024-01-01T05:47:56,0.0,0.0,62.0
2024-01-01T05:48:58,0.2962354369827509,0.0514444,62.0
2024-01-01T05:50:00,0.0,0.0,62.0
2024-01-01T05:51:02,1.0605262544364082,0.0,62.0
2024-01-01T05:52:04,0.0,0.0,62.0
2024-01-01T05:53:06,1.5791534094173776,0.0,62.0
2024-01-01T05:54:08,0.757665918124611,0.0,62.0
2024-01-01T05:55:10,2.6872190105462046,0.0,62.0
2024-01-01T05:56:12,0.0,0.0,62.0
2024-01-01T05:57:14,1.2659565366083914,0.0,62.0
2024-01-01T05:58:16,0.0,0.0,62.0
2024-01-01T05:59:18,4.337488039613841,0.0,62.0
2024-01-01T06:00:00,1.1909198002068824,0.0,42.0
2024-01-01T06:01:02,0.0,0.0,62.0
2024-01-01T06:02:44,0.0,0.0,102.0
2024-01-01T06:03:46,0.0,0.0,62.0
2024-01-01T06:04:48,2.7600549346525116,0.0,62.0
2024-01-01T06:05:52,1.3478242505118254,0.0,64.0
2024-01-01T06:06:54,0.0,0.0,62.0
2024-01-01T06:07:56,0.0,0.0,62.0
2024-01-01T06:08:58,1.7941569532618749,0.0,62.0
2024-01-01T06:10:00,1.257823389470436,0.0,62.0
2024-01-01T06:11:02,1.059556045875899,0.0,62.0
2024-01-01T06:12:04,0.0,0.0,62.0
2024-01-01T06:13:06,0.0,0.0,62.0
2024-01-01T06:14:08,2.527835267219608,0.0,62.0
2024-01-01T06:15:10,2.6674038589567157,0.0,62.0
2024-01-01T06:16:12,0.9601873134624321,0.0,62.0
2024-01-01T06:17:14,1.4547612972598634,0.0,62.0
2024-01-01T06:18:16,0.35414724625606564,0.0,62.0
2024-01-01T06:19:18,0.0,0.0,62.0
2024-01-01T06:20:20,0.0,0.0,62.0
2024-01-01T06:21:22,1.7192728545741587,0.0,62.0
2024-01-01T06:22:24,1.9105580217167857,0.0,62.0
2024-01-01T06:23:26,1.5811905124644285,0.0,62.0
2024-01-01T06:24:28,0.5190784651305492,0.0,62.0
2024-01-01T06:25:30,1.6369484344429013,0.0,62.0
2024-01-01T06:26:32,0.0,0.0,62.0
2024-01-01T06:27:34,0.932085504807451,0.0,62.0
2024-01-01T06:28:36,0.0,0.0,62.0
2024-01-01T06:29:38,0.0,0.0,62.0
2024-01-01T06:30:54,1.296857958745903,0.0,76.0
2024-01-01T06:31:56,1.9126866069917148,0.0,62.0
2024-01-01T06:32:58,3.7109381706250746,0.0,62.0
2024-01-01T06:34:00,0.396043502093992,0.0,62.0
2024-01-01T06:35:02,0.0,0.0,62.0
2024-01-01T06:36:04,0.0,0.0,62.0
2024-01-01T06:37:06,0.0,0.0,62.0
2024-01-01T06:38:08,0.22274670994186707,0.0,62.0
2024-01-01T06:39:10,0.706314385107649,0.0,62.0
2024-01-01T06:40:12,0.5444539385950016,0.0,62.0
2024-01-01T06:41:14,1.1656233876978839,0.0,62.0
2024-01-01T06:42:16,0.2961345715388725,0.0,62.0
2024-01-01T06:43:18,0.0,0.0,62.0
2024-01-01T06:44:20,0.3407007430401726,0.0,62.0
2024-01-01T06:45:22,0.1300961419607823,0.0,62.0
2024-01-01T06:46:24,0.8254002957313997,0.0,62.0
2024-01-01T06:47:26,0.0,0.0,62.0
2024-01-01T06:48:28,0.33528858671458284,0.0,62.0
2024-01-01T06:49:30,0.8343632812933245,0.0,62.0
2024-01-01T06:50:32,0.0,0.0,62.0
2024-01-01T06:51:34,1.0138059033454214,0.0,62.0
2024-01-01T06:52:36,0.10518739869726641,0.0,62.0
2024-01-01T06:53:38,0.2349882484726506,0.0,62.0
2024-01-01T06:54:40,0.0,0.0,62.0
2024-01-01T06:55:42,0.0,0.0,62.0
2024-01-01T06:56:44,0.0,0.0,62.0
2024-01-01T06:57:46,0.3244983268495032,0.0,62.0
2024-01-01T06:58:48,1.907497849944749,0.0,62.0
2024-01-01T06:59:50,0.0,0.0,62.0
2024-01-01T07:00:00,1.2724472689573019,0.0,10.0
2024-01-01T07:01:02,0.9723789844888038,0.0,62.0
2024-01-01T07:02:04,0.2098401352054772,0.0,62.0
2024-01-01T07:03:06,0.8609650512475167,0.0,62.0
2024-01-01T07:04:08,0.3689155782477568,0.0,62.0
2024-01-01T07:05:10,0.0,0.0,62.0
2024-01-01T07:06:12,0.5866205244998018,0.0,62.0
2024-01-01T07:07:14,2.1699471147025946,0.0,62.0
2024-01-01T07:08:16,0.7091234602135438,0.0,62.0
2024-01-01T07:09:18,0.32695668005798884,0.0,62.0
2024-01-01T07:10:20,0.0,0.0,62.0
2024-01-01T07:11:22,2.1238127238969136,0.0,62.0
2024-01-01T07:12:24,0.0,0.0514444,62.0
2024-01-01T07:13:26,0.0,0.0,62.0
2024-01-01T07:14:28,0.5571910324762647,0.0,62.0
2024-01-01T07:15:30,0.0,0.0,62.0
2024-01-01T07:16:32,1.6336485042711666,0.0,62.0
2024-01-01T07:17:34,0.0,0.0,62.0
2024-01-01T07:18:36,1.4427097087659297,0.0,62.0
2024-01-01T07:19:38,1.2314729021068507,0.0,62.0
2024-01-01T07:20:40,0.1770239461618589,0.0,62.0
2024-01-01T07:21:42,0.0,0.0,62.0
2024-01-01T07:22:44,0.0,0.0,62.0
2024-01-01T07:23:46,0.35990291658738877,0.0,62.0
2024-01-01T07:24:48,0.0,0.0,62.0
2024-01-01T07:25:50,1.0909954273545053,0.0,62.0
2024-01-01T07:26:52,0.0,0.0,62.0
2024-01-01T07:27:54,0.0,0.0,62.0
2024-01-01T07:28:56,0.0,0.0,62.0
2024-01-01T07:29:58,1.2336484676589266,0.0,62.0
2024-01-01T07:31:00,0.0,0.0,62.0
2024-01-01T07:32:02,0.0,0.0,62.0
2024-01-01T07:33:04,0.0,0.0,62.0
2024-01-01T07:34:06,0.0,0.0,62.0
2024-01-01T07:35:08,2.2082067422476785,0.0,62.0
2024-01-01T07:36:10,1.1932315424323323,0.0,62.0
2024-01-01T07:37:12,1.217993363031198,0.0,62.0
2024-01-01T07:38:14,0.0,0.0,62.0
2024-01-01T07:39:16,0.0,0.0,62.0
2024-01-01T07:40:18,3.153067133756709,0.0,62.0
2024-01-01T07:41:20,0.6334374468950938,0.0,62.0
2024-01-01T07:42:22,0.20518380011549353,0.0,62.0
2024-01-01T07:43:24,0.0,0.0,62.0
2024-01-01T07:44:26,0.0,0.0,62.0
2024-01-01T07:45:28,1.7123380984150833,0.0,62.0
2024-01-01T07:46:30,0.0,0.0,62.0
2024-01-01T07:47:32,0.8198537442933838,0.0,62.0
2024-01-01T07:48:34,1.156250941685346,0.0,62.0
2024-01-01T07:49:36,0.5012364328097325,0.0,62.0
2024-01-01T07:50:38,0.704960310497827,0.0,62.0
2024-01-01T07:51:40,2.0191796278474454,0.0,62.0
2024-01-01T07:52:42,0.0,0.0,62.0
2024-01-01T07:53:44,0.24675388506525872,0.0,62.0
2024-01-01T07:54:46,0.0,0.0,62.0
2024-01-01T07:55:48,0.0,0.0,62.0
2024-01-01T07:56:50,0.4294999948005133,0.0,62.0
2024-01-01T07:57:52,1.8768758947870288,0.0,62.0
2024-01-01T07:58:54,2.0645012380157914,0.0,62.0
2024-01-01T07:59:56,2.7862158139435946,0.0,62.0
2024-01-01T08:00:00,0.0,0.0,4.0
2024-01-01T08:01:02,2.442941546821862,0.0,62.0
2024-01-01T08:02:04,0.27725964654057017,0.0,62.0
2024-01-01T08:03:06,2.315918884839446,0.0,62.0
2024-01-01T08:04:08,0.0,0.0,62.0
2024-01-01T08:05:10,0.0,0.0,62.0
2024-01-01T08:06:12,0.0,0.0,62.0
2024-01-01T08:07:14,1.163966349609241,0.0,62.0
2024-01-01T08:08:16,0.7717141057976238,0.0,62.0
2024-01-01T08:09:18,0.0,0.0,62.0
2024-01-01T08:10:20,0.0,0.0,62.0
2024-01-01T08:11:22,0.6228678514850907,0.0,62.0
2024-01-01T08:12:24,0.793755550417099,0.0,62.0
2024-01-01T08:13:26,0.0,0.0,62.0
2024-01-01T08:14:28,0.0,0.0,62.0
2024-01-01T08:15:30,0.9838022687193722,0.0,62.0
2024-01-01T08:16:32,2.784590547487329,0.0,62.0
2024-01-01T08:17:34,0.0,0.0,62.0
2024-01-01T08:18:36,0.0,0.0,62.0
2024-01-01T08:19:38,0.4482876956258692,0.0,62.0
2024-01-01T08:20:40,0.9528795972721065,0.0,62.0
2024-01-01T08:21:42,0.0,0.0,62.0
2024-01-01T08:22:44,3.03763662523793,0.0,62.0
2024-01-01T08:23:46,1.3525276832125184,0.0,62.0
2024-01-01T08:24:48,0.0,0.0,62.0
2024-01-01T08:25:50,0.0,0.0,62.0
2024-01-01T08:26:52,1.9791326817223087,0.0,62.0
2024-01-01T08:27:54,1.7878968543226095,0.0,62.0
2024-01-01T08:28:56,0.0,0.0,62.0
2024-01-01T08:29:58,0.5258631864188168,0.0,62.0
2024-01-01T08:31:00,0.0,0.0,62.0
2024-01-01T08:32:02,0.7808983216634519,0.0,62.0
2024-01-01T08:33:04,0.0,0.0,62.0
2024-01-01T08:34:08,0.0,0.0,64.0
2024-01-01T08:35:10,1.216295599140785,0.0,62.0
2024-01-01T08:36:12,1.4064222652643965,0.0,62.0
2024-01-01T08:37:14,0.0,0.0,62.0
2024-01-01T08:38:16,0.0,0.0,62.0
2024-01-01T08:39:18,1.7213496782170477,0.0,62.0
2024-01-01T08:40:20,0.0,0.0,62.0
2024-01-01T08:41:22,0.0831168839786493,0.0,62.0
2024-01-01T08:42:24,0.0,0.0,62.0
2024-01-01T08:43:26,0.0,0.0,62.0
2024-01-01T08:44:28,0.2881714006180027,0.0,62.0
2024-01-01T08:45:30,0.1416104301062402,0.0,62.0
2024-01-01T08:46:32,0.5402869171524092,0.0,62.0
2024-01-01T08:47:34,0.23734630447992905,0.0,62.0
2024-01-01T08:48:36,3.2035311141200586,0.0,62.0
2024-01-01T08:49:38,1.7425173469848452,0.0,62.0
2024-01-01T08:50:40,0.05821350068220264,0.0,62.0
2024-01-01T08:51:42,0.19535862577430835,0.0,62.0
2024-01-01T08:52:44,2.6454288116261853,0.0,62.0
2024-01-01T08:53:46,1.2946316790078705,0.0,62.0
2024-01-01T08:54:48,0.0,0.0,62.0
2024-01-01T08:55:50,1.423422334210645,0.0,62.0
2024-01-01T08:56:52,1.8642016230899143,0.0,62.0
2024-01-01T08:57:54,2.426575613663677,0.0,62.0
2024-01-01T08:58:56,0.0,0.0,62.0
2024-01-01T08:59:58,0.0,0.0,62.0
2024-01-01T09:00:00,0.0,0.0,2.0
2024-01-01T09:01:02,0.46219119650420054,0.0,62.0
2024-01-01T09:02:04,1.0993013736835489,0.0,62.0
2024-01-01T09:03:06,0.0,0.0,62.0
2024-01-01T09:04:08,0.0,0.0,62.0
2024-01-01T09:05:10,0.0,0.0,62.0
2024-01-01T09:06:12,2.264173575603975,0.0,62.0
2024-01-01T09:07:14,0.0,0.0,62.0
2024-01-01T09:08:16,0.5621696282892061,0.0,62.0
2024-01-01T09:09:18,0.3573822500585211,0.0,62.0
2024-01-01T09:10:20,0.06871195279739506,0.0,62.0
2024-01-01T09:11:22,0.10319531750953455,0.0,62.0
2024-01-01T09:12:24,0.0,0.0,62.0
2024-01-01T09:13:26,0.0,0.0,62.0
2024-01-01T09:14:28,1.5048703783782555,0.0514444,62.0
2024-01-01T09:15:30,1.8977332506549538,0.0,62.0
2024-01-01T09:16:32,0.0,0.0,62.0
2024-01-01T09:17:34,0.0,0.0,62.0
2024-01-01T09:18:36,0.0,0.0,62.0
2024-01-01T09:19:38,2.779045642279323,0.0,62.0
2024-01-01T09:20:40,0.0,0.0,62.0
2024-01-01T09:21:42,0.0,0.0,62.0
2024-01-01T09:22:44,2.1238685430297375,0.0,62.0
2024-01-01T09:23:46,0.0,0.0,62.0
2024-01-01T09:24:48,0.0,0.0,62.0
2024-01-01T09:25:50,1.1917474361344658,0.0,62.0
2024-01-01T09:26:52,2.5677103012942575,0.0,62.0
2024-01-01T09:27:54,0.0,0.0,62.0
2024-01-01T09:28:56,2.0881428661817742,0.0,62.0
2024-01-01T09:29:58,0.0,0.0,62.0
2024-01-01T09:31:00,0.0,0.0,62.0
2024-01-01T09:32:02,0.3743346454613356,0.0,62.0
2024-01-01T09:33:04,0.0,0.0,62.0
2024-01-01T09:34:06,0.7594615471943218,0.0514444,62.0
2024-01-01T09:35:08,4.724472016701813,0.0,62.0
2024-01-01T09:36:10,1.6584012228805403,0.0,62.0
2024-01-01T09:37:12,0.0,0.0,62.0
2024-01-01T09:38:14,1.57830286151165,0.0,62.0
2024-01-01T09:39:16,0.0,0.0,62.0
2024-01-01T09:40:18,0.0,0.0,62.0
2024-01-01T09:41:20,0.0,0.0,62.0
2024-01-01T09:42:22,0.1316717997747558,0.0,62.0
2024-01-01T09:43:24,0.0,0.0514444,62.0
2024-01-01T09:44:26,0.0,0.0,62.0
2024-01-01T09:45:28,0.0,0.0,62.0
2024-01-01T09:46:30,2.3129585217579502,0.0,62.0
2024-01-01T09:47:32,0.0,0.0,62.0
2024-01-01T09:48:34,0.0,0.0,62.0
2024-01-01T09:49:36,0.26356341390685,0.0,62.0
2024-01-01T09:50:38,1.7263149040910883,0.0,62.0
2024-01-01T09:51:40,0.8273895210607733,0.0,62.0
2024-01-01T09:52:42,0.4540153401344605,0.0,62.0
2024-01-01T09:53:44,0.0,0.0,62.0
2024-01-01T09:54:46,1.014157393942248,0.0,62.0
2024-01-01T09:55:48,1.240333829725063,0.0,62.0
2024-01-01T09:56:50,0.0,0.0,62.0
2024-01-01T09:57:52,0.0,0.0,62.0
2024-01-01T09:58:54,0.0,0.0,62.0
2024-01-01T09:59:58,1.3181014170714977,0.0,64.0
2024-01-01T10:00:00,0.0,0.0,2.0
2024-01-01T10:01:02,2.5155887629456686,0.0,62.0
2024-01-01T10:02:04,0.0,0.0,62.0
2024-01-01T10:03:06,0.4642978954563573,0.0,62.0
2024-01-01T10:04:08,1.052565086965639,0.0,62.0
2024-01-01T10:05:10,0.0,0.0,62.0
2024-01-01T10:06:12,0.0,0.0,62.0
2024-01-01T10:07:14,0.19795500291836288,0.0,62.0
2024-01-01T10:08:16,0.0,0.0,62.0
2024-01-01T10:09:18,0.0,0.0,62.0
2024-01-01T10:10:20,0.0,0.0,62.0
2024-01-01T10:11:22,1.8137194291353178,0.0,62.0
2024-01-01T10:12:24,0.5968872700729995,0.0,62.0
2024-01-01T10:13:26,0.0,0.0,62.0
2024-01-01T10:14:28,1.309139184351146,0.0,62.0
2024-01-01T10:15:30,0.0,0.0,62.0
2024-01-01T10:16:32,0.0,0.0,62.0
2024-01-01T10:17:34,1.0452134867405292,0.0,62.0
2024-01-01T10:18:36,2.4693464277148593,0.0,62.0
2024-01-01T10:19:38,0.8370595072785245,0.0,62.0
2024-01-01T10:20:40,0.0,0.0,62.0
2024-01-01T10:21:42,0.0,0.0,62.0
2024-01-01T10:22:44,0.0,0.0,62.0
2024-01-01T10:23:46,0.5673182439658391,0.0,62.0
2024-01-01T10:24:48,0.0,0.0,62.0
2024-01-01T10:25:50,0.0,0.0,62.0
2024-01-01T10:26:52,0.0,0.0,62.0
2024-01-01T10:27:54,0.33265617366207834,0.0,62.0
2024-01-01T10:28:56,0.0,0.0,62.0
2024-01-01T10:29:58,0.6561367285844018,0.0,62.0
2024-01-01T10:31:00,0.0,0.0,62.0
2024-01-01T10:32:02,0.0,0.0,62.0
2024-01-01T10:33:04,1.1906372146486996,0.0,62.0
2024-01-01T10:34:06,0.7410600288186003,0.0,62.0
2024-01-01T10:35:08,2.029413071656048,0.0,62.0
2024-01-01T10:36:10,0.0,0.0,62.0
2024-01-01T10:37:12,0.0,0.0514444,62.0
2024-01-01T10:38:14,0.19738944084279922,0.0,62.0
2024-01-01T10:39:16,0.8575588395544747,0.0,62.0
2024-01-01T10:40:18,0.0,0.0,62.0
2024-01-01T10:41:20,0.6471899365908231,0.0,62.0
2024-01-01T10:42:22,0.0,0.0,62.0
2024-01-01T10:43:24,0.0,0.0,62.0
2024-01-01T10:44:26,0.0,0.0,62.0
2024-01-01T10:45:28,0.7715657049207854,0.0,62.0
2024-01-01T10:46:30,0.0,0.0,62.0
2024-01-01T10:47:32,0.955577759413138,0.0,62.0
2024-01-01T10:48:34,0.42506700360264354,0.0,62.0
2024-01-01T10:49:36,0.0,0.0,62.0
2024-01-01T10:50:38,0.0,0.0,62.0
2024-01-01T10:51:40,0.0,0.0,62.0
2024-01-01T10:52:42,0.0,0.0,62.0
2024-01-01T10:53:44,0.0,0.0,62.0
2024-01-01T10:54:46,0.0,0.0,62.0
2024-01-01T10:55:48,1.3592732360224489,0.0,62.0
2024-01-01T10:56:50,0.0,0.0,62.0
2024-01-01T10:57:52,0.0,0.0,62.0
2024-01-01T10:58:54,0.0,0.0,62.0
2024-01-01T10:59:56,2.246291790546267,0.0,62.0
2024-01-01T11:00:00,1.940054831228506,0.0,4.0
2024-01-01T11:01:02,0.6329005682602655,0.0,62.0
2024-01-01T11:02:04,0.2563316760975893,0.0514444,62.0
2024-01-01T11:03:06,0.3443439222839425,0.0,62.0
2024-01-01T11:04:08,2.141927853379629,0.0,62.0
2024-01-01T11:05:10,0.714379140130831,0.0,62.0
2024-01-01T11:06:14,2.283658364634818,0.0,64.0
2024-01-01T11:07:16,0.0,0.0,62.0
2024-01-01T11:08:18,0.0,0.0,62.0
2024-01-01T11:09:20,0.0,0.0,62.0
2024-01-01T11:10:22,0.0,0.0,62.0
2024-01-01T11:11:24,2.40679189160444,0.0,62.0
2024-01-01T11:12:26,1.1046206168040202,0.0,62.0
2024-01-01T11:13:28,0.0,0.0,62.0
2024-01-01T11:14:30,1.2126167653990458,0.0,62.0
2024-01-01T11:15:32,0.0,0.0,62.0
2024-01-01T11:16:34,2.4275825842214114,0.0,62.0
2024-01-01T11:17:36,0.0,0.0,62.0
2024-01-01T11:18:38,0.0,0.0,62.0
2024-01-01T11:19:40,0.0,0.0,62.0
2024-01-01T11:20:42,0.0,0.0,62.0
2024-01-01T11:21:44,0.0,0.0,62.0
2024-01-01T11:22:46,0.8788676359174609,0.0,62.0
2024-01-01T11:23:48,2.137078245475571,0.0,62.0
2024-01-01T11:24:50,0.0,0.0,62.0
2024-01-01T11:25:52,1.4590655893832611,0.0,62.0
2024-01-01T11:26:54,0.0,0.0,62.0
2024-01-01T11:27:56,0.0,0.0,62.0
2024-01-01T11:28:58,0.0,0.0,62.0
2024-01-01T11:30:00,0.0,0.0,62.0
2024-01-01T11:31:02,0.7096240079925858,0.0,62.0
2024-01-01T11:32:04,0.0,0.0,62.0
2024-01-01T11:33:06,1.9399501636593426,0.0,62.0
2024-01-01T11:34:08,0.7553141350751447,0.0,62.0
2024-01-01T11:35:10,1.2533741645095913,0.0,62.0
2024-01-01T11:36:12,0.0,0.0,62.0
2024-01-01T11:37:14,0.0,0.0,62.0
2024-01-01T11:38:16,1.0406471212296586,0.0,62.0
2024-01-01T11:39:18,0.0,0.0,62.0
2024-01-01T11:40:20,0.22395786183816221,0.0,62.0
2024-01-01T11:41:22,1.528493747531911,0.0,62.0
2024-01-01T11:42:24,0.0,0.0,62.0
2024-01-01T11:43:26,1.755115594544447,0.0,62.0
2024-01-01T11:44:28,0.0,0.0,62.0
2024-01-01T11:45:30,0.0,0.0,62.0
2024-01-01T11:46:32,0.561258811663226,0.0,62.0
2024-01-01T11:47:34,0.29744405057168033,0.0,62.0
2024-01-01T11:48:38,4.031964365711115,0.0,64.0
2024-01-01T11:49:40,0.0,0.0,62.0
2024-01-01T11:50:42,0.0,0.0,62.0
2024-01-01T11:51:44,0.0,0.0,62.0
2024-01-01T11:52:46,0.0,0.0,62.0
2024-01-01T11:53:48,0.0,0.0,62.0
2024-01-01T11:54:50,0.0,0.0,62.0
2024-01-01T11:55:52,0.7023564145453322,0.0,62.0
2024-01-01T11:56:54,0.0,0.0,62.0
2024-01-01T11:57:56,2.0182244518258794,0.0,62.0
2024-01-01T11:58:58,0.0,0.0,62.0
2024-01-01T12:00:00,2.792059606977333,0.0,62.0
2024-01-01T12:01:02,0.413811009562723,0.0,62.0
2024-01-01T12:02:04,1.9070001593776482,0.0,62.0
2024-01-01T12:03:06,0.17318019843430194,0.0,62.0
2024-01-01T12:04:08,0.0,0.0,62.0
2024-01-01T12:05:10,0.0,0.0,62.0
2024-01-01T12:06:12,0.0,0.0,62.0
2024-01-01T12:07:14,0.0,0.0,62.0
2024-01-01T12:08:16,0.258139314197745,0.0,62.0
2024-01-01T12:09:18,0.06858419352816802,0.0,62.0
2024-01-01T12:10:20,1.9952358377052961,0.0,62.0
2024-01-01T12:11:22,0.0,0.0,62.0
2024-01-01T12:12:24,0.0,0.0,62.0
2024-01-01T12:13:26,5.3160975164396715,0.0,62.0
2024-01-01T12:14:28,0.0,0.0,62.0
2024-01-01T12:15:30,1.453117663186868,0.0,62.0
2024-01-01T12:16:32,0.0,0.0,62.0
2024-01-01T12:17:34,0.36781826020253156,0.0,62.0
2024-01-01T12:18:36,0.0,0.0,62.0
2024-01-01T12:19:38,0.0,0.0,62.0
2024-01-01T12:20:40,0.0,0.0,62.0
2024-01-01T12:21:42,0.0,0.0,62.0
2024-01-01T12:22:44,0.0,0.0,62.0
2024-01-01T12:23:46,0.36467002242557406,0.0,62.0
2024-01-01T12:24:48,0.0,0.0,62.0
2024-01-01T12:25:50,0.10372472420482017,0.0,62.0
2024-01-01T12:26:52,0.25516800248144433,0.0,62.0
2024-01-01T12:27:54,0.0,0.0,62.0
2024-01-01T12:28:56,0.0,0.0,62.0
2024-01-01T12:29:58,0.0,0.0,62.0
2024-01-01T12:31:00,0.8916684060061715,0.0,62.0
2024-01-01T12:32:02,0.0,0.0,62.0
2024-01-01T12:33:04,0.0,0.0,62.0
2024-01-01T12:34:06,0.7684414657563883,0.0,62.0
2024-01-01T12:35:08,0.3179370405023449,0.0,62.0
2024-01-01T12:36:10,0.0,0.0,62.0
2024-01-01T12:37:14,1.8759879644074067,0.0,64.0
2024-01-01T12:38:16,0.0,0.0,62.0
2024-01-01T12:39:18,0.0,0.0,62.0
2024-01-01T12:40:20,1.0952103675071536,0.0,62.0
2024-01-01T12:41:22,2.6267033961216653,0.0,62.0
2024-01-01T12:42:24,0.0,0.0,62.0
2024-01-01T12:43:26,0.6192320590997183,0.0,62.0
2024-01-01T12:44:28,0.0,0.0,62.0
2024-01-01T12:45:30,0.0,0.0,62.0
2024-01-01T12:46:32,1.6982972875810223,0.0,62.0
2024-01-01T12:47:34,0.5486445461357041,0.0,62.0
2024-01-01T12:48:36,1.7448446327111662,0.0,62.0
2024-01-01T12:49:38,1.629463131654528,0.0,62.0
2024-01-01T12:50:40,0.0,0.0,62.0
2024-01-01T12:51:42,0.0,0.0,62.0
2024-01-01T12:52:44,0.4117137023667139,0.0,62.0
2024-01-01T12:53:46,0.0,0.0,62.0
2024-01-01T12:54:48,0.0,0.0,62.0
2024-01-01T12:55:50,2.1404511066156147,0.0,62.0
2024-01-01T12:56:52,0.0,0.0,62.0
2024-01-01T12:57:54,1.0654478679315522,0.0,62.0
2024-01-01T12:58:56,0.0,0.0,62.0
2024-01-01T12:59:58,0.0,0.0,62.0
2024-01-01T13:00:00,0.0,0.0,2.0
2024-01-01T13:01:02,0.34995315984656594,0.0,62.0
2024-01-01T13:02:04,2.181908308603295,0.0,62.0
2024-01-01T13:03:06,0.0,0.0,62.0
2024-01-01T13:04:08,0.10289753134329016,0.0,62.0
2024-01-01T13:05:10,0.0,0.0,62.0
2024-01-01T13:06:12,0.0,0.0,62.0
2024-01-01T13:07:14,0.5113224891923409,0.0,62.0
2024-01-01T13:08:16,1.1155737305997186,0.0,62.0
2024-01-01T13:09:18,0.8339231249372807,0.0,62.0
2024-01-01T13:10:20,0.0,0.0,62.0
2024-01-01T13:11:22,0.0,0.0,62.0
2024-01-01T13:12:24,0.0,0.0,62.0
2024-01-01T13:13:26,0.0,0.0,62.0
2024-01-01T13:14:28,0.0,0.0,62.0
2024-01-01T13:15:30,1.599527836792856,0.0,62.0
2024-01-01T13:16:32,0.44285555504028895,0.0,62.0
2024-01-01T13:17:34,2.1267479593306273,0.0,62.0
2024-01-01T13:18:36,0.0,0.0,62.0
2024-01-01T13:19:38,0.0,0.0,62.0
2024-01-01T13:20:40,2.1828639612306966,0.0,62.0
2024-01-01T13:21:42,0.6501828568509471,0.0,62.0
2024-01-01T13:22:44,0.0,0.0,62.0
2024-01-01T13:23:46,0.6567343177654306,0.0,62.0
2024-01-01T13:24:48,1.2528893507991472,0.0,62.0
2024-01-01T13:25:50,0.17878621951138787,0.0,62.0
2024-01-01T13:26:52,0.0,0.0,62.0
2024-01-01T13:27:54,0.0,0.0,62.0
2024-01-01T13:28:56,0.43593224677470227,0.0,62.0
2024-01-01T13:29:58,0.2983319330335309,0.0,62.0
2024-01-01T13:31:00,1.8183900866781206,0.0,62.0
2024-01-01T13:32:02,0.0,0.0,62.0
2024-01-01T13:33:04,0.0,0.0,62.0
2024-01-01T13:34:06,3.865581494355048,0.0,62.0
2024-01-01T13:35:08,0.26173229923160424,0.0,62.0
2024-01-01T13:36:10,1.2513941368343056,0.0,62.0
2024-01-01T13:37:12,0.7827725580388205,0.0,62.0
2024-01-01T13:38:14,0.27986165784133377,0.0,62.0
2024-01-01T13:39:16,0.0,0.0,62.0
2024-01-01T13:40:18,0.0,0.0,62.0
2024-01-01T13:41:20,0.0,0.0,62.0
2024-01-01T13:42:22,0.4936788201259419,0.0,62.0
2024-01-01T13:43:24,0.0,0.0,62.0
2024-01-01T13:44:26,0.10742758906542008,0.0,62.0
2024-01-01T13:45:28,0.991845766296485,0.0,62.0
2024-01-01T13:46:30,1.2499179256551494,0.0,62.0
2024-01-01T13:47:32,0.8972328711970591,0.0,62.0
2024-01-01T13:48:34,0.9929667841842443,0.0,62.0
2024-01-01T13:49:36,2.408417074862816,0.0,62.0
2024-01-01T13:50:38,1.6441769031137758,0.0,62.0
2024-01-01T13:51:40,0.2952470983528954,0.0,62.0
2024-01-01T13:52:42,0.0,0.0,62.0
2024-01-01T13:53:44,0.1719568118290367,0.0,62.0
2024-01-01T13:54:46,0.0,0.0,62.0
2024-01-01T13:55:48,1.6763710983684375,0.0,62.0
2024-01-01T13:56:50,0.8581503124514811,0.0,62.0
2024-01-01T13:57:52,0.0,0.0,62.0
2024-01-01T13:58:54,1.9861316754181428,0.0,62.0
2024-01-01T13:59:56,0.0,0.0,62.0
2024-01-01T14:00:00,0.0,0.0,4.0
2024-01-01T14:01:02,0.0,0.0,62.0
2024-01-01T14:02:04,0.0,0.0,62.0
2024-01-01T14:03:06,1.4043086063058805,0.0,62.0
2024-01-01T14:04:08,0.0,0.0,62.0
2024-01-01T14:05:10,0.0,0.0,62.0
2024-01-01T14:06:12,1.4095612379183868,0.0,62.0
2024-01-01T14:07:14,0.0,0.0,62.0
2024-01-01T14:08:16,0.616715299979465,0.0,62.0
2024-01-01T14:09:18,0.0,0.0,62.0
2024-01-01T14:10:20,0.3665746907957711,0.0,62.0
2024-01-01T14:11:22,0.850870273286283,0.0,62.0
2024-01-01T14:12:24,0.0,0.0,62.0
2024-01-01T14:13:26,0.05028943121747862,0.0,62.0
2024-01-01T14:14:28,0.6659787323407946,0.0,62.0
2024-01-01T14:15:30,0.0,0.0,62.0
2024-01-01T14:16:32,1.3343304466194417,0.0,62.0
2024-01-01T14:17:34,2.056711571013136,0.0,62.0
2024-01-01T14:18:36,0.0,0.0,62.0
2024-01-01T14:19:38,2.650589361686552,0.0,62.0
2024-01-01T14:20:40,0.0,0.0,62.0
2024-01-01T14:21:42,2.9915174245797744,0.0,62.0
2024-01-01T14:22:44,0.0,0.0,62.0
2024-01-01T14:23:48,1.0610678627129555,0.0,64.0
2024-01-01T14:24:50,1.0530159172941116,0.0,62.0
2024-01-01T14:25:52,0.0,0.0,62.0
2024-01-01T14:26:54,0.10894108226910414,0.0,62.0
2024-01-01T14:27:56,2.1598508345352165,0.0,62.0
2024-01-01T14:28:58,0.0,0.0,62.0
2024-01-01T14:30:00,0.0,0.0,62.0
2024-01-01T14:31:02,0.0,0.0,62.0
2024-01-01T14:32:04,2.351328330157397,0.0,62.0
2024-01-01T14:33:06,0.0,0.0,62.0
2024-01-01T14:34:08,1.7999703269219167,0.0,62.0
2024-01-01T14:35:10,0.0,0.0,62.0
2024-01-01T14:36:12,1.7528769227931214,0.0,62.0
2024-01-01T14:37:14,1.2924943579830885,0.0,62.0
2024-01-01T14:38:16,0.0,0.0,62.0
2024-01-01T14:39:18,0.0,0.0,62.0
2024-01-01T14:40:20,0.0,0.0,62.0
2024-01-01T14:41:22,0.0,0.0,62.0
2024-01-01T14:42:24,1.59777477018546,0.0,62.0
2024-01-01T14:43:26,0.24034554692010895,0.0,62.0
2024-01-01T14:44:28,0.0,0.0,62.0
2024-01-01T14:45:30,0.0,0.0,62.0
2024-01-01T14:46:32,0.0,0.0,62.0
2024-01-01T14:47:34,0.0,0.0,62.0
2024-01-01T14:48:36,0.0,0.0,62.0
2024-01-01T14:49:38,1.0847894640431002,0.0,62.0
2024-01-01T14:50:40,0.0,0.0,62.0
2024-01-01T14:51:42,0.38161031811997803,0.0,62.0
2024-01-01T14:52:44,0.7267696961591584,0.0,62.0
2024-01-01T14:53:46,0.0,0.0,62.0
2024-01-01T14:54:48,1.0961319917405883,0.0,62.0
2024-01-01T14:55:50,2.1862264467475505,0.0,62.0
2024-01-01T14:56:52,0.0,0.0,62.0
2024-01-01T14:57:54,0.0,0.0,62.0
2024-01-01T14:58:56,3.494426225180569,0.0,62.0
2024-01-01T14:59:58,0.2558480748119991,0.0,62.0
2024-01-01T15:00:00,0.0,0.0,2.0
2024-01-01T15:01:02,0.0,0.0,62.0
2024-01-01T15:02:04,1.911652716409229,0.0,62.0
2024-01-01T15:03:06,0.0,0.0,62.0
2024-01-01T15:04:08,1.3892617900277058,0.0,62.0
2024-01-01T15:05:10,0.0,0.0,62.0
2024-01-01T15:06:12,0.0,0.0,62.0
2024-01-01T15:07:14,0.0,0.0,62.0
2024-01-01T15:08:16,0.0,0.0,62.0
2024-01-01T15:09:18,0.0,0.0,62.0
2024-01-01T15:10:20,1.6691587767225826,0.0,62.0
2024-01-01T15:11:22,0.0,0.0,62.0
2024-01-01T15:12:24,0.21011227193974086,0.0,62.0
2024-01-01T15:13:26,0.8061488870820447,0.0,62.0
2024-01-01T15:14:28,0.19458457302505983,0.0,62.0
2024-01-01T15:15:30,1.158344900224937,0.0,62.0
2024-01-01T15:16:32,0.0,0.0,62.0
2024-01-01T15:17:34,0.9339405597184818,0.0,62.0
2024-01-01T15:18:36,0.978342300175042,0.0,62.0
2024-01-01T15:19:38,1.452180115860928,0.0,62.0
2024-01-01T15:20:40,0.0,0.0,62.0
2024-01-01T15:21:42,0.7635692080111007,0.0,62.0
2024-01-01T15:22:44,1.3519046543424214,0.0,62.0
2024-01-01T15:23:46,0.0,0.0,62.0
2024-01-01T15:24:48,0.0,0.0,62.0
2024-01-01T15:25:50,0.0,0.0,62.0
2024-01-01T15:26:52,0.0,0.0,62.0
2024-01-01T15:27:54,0.9986400810117035,0.0,62.0
2024-01-01T15:28:56,3.4228543747712568,0.0,62.0
2024-01-01T15:29:58,0.0,0.0514444,62.0
2024-01-01T15:31:00,0.0,0.0,62.0
2024-01-01T15:32:14,0.023094805316842833,0.0,74.0
2024-01-01T15:33:16,0.0,0.0,62.0
2024-01-01T15:34:18,0.0,0.0,62.0
2024-01-01T15:35:20,0.0,0.0,62.0
2024-01-01T15:36:22,0.0,0.0,62.0
2024-01-01T15:37:24,1.796162064824502,0.0,62.0
2024-01-01T15:38:26,0.0,0.0,62.0
2024-01-01T15:39:28,1.351507986303173,0.0,62.0
2024-01-01T15:40:30,2.2027534078280997,0.0,62.0
2024-01-01T15:41:32,0.5725871172702399,0.0,62.0
2024-01-01T15:42:34,0.0,0.0,62.0
2024-01-01T15:43:36,0.36942271945874744,0.0,62.0
2024-01-01T15:44:38,0.0,0.0,62.0
2024-01-01T15:45:40,0.0,0.0,62.0
2024-01-01T15:46:42,0.0,0.0,62.0
2024-01-01T15:47:44,0.0,0.0,62.0
2024-01-01T15:48:46,0.0,0.0,62.0
2024-01-01T15:49:48,0.0,0.0,62.0
2024-01-01T15:50:50,0.7187687391172413,0.0,62.0
2024-01-01T15:51:52,0.21753625870874055,0.0,62.0
2024-01-01T15:52:54,1.5877121581784457,0.0,62.0
2024-01-01T15:53:56,0.4412513070024035,0.0,62.0
2024-01-01T15:54:58,0.5294561245843016,0.0,62.0
2024-01-01T15:56:00,0.0,0.0,62.0
2024-01-01T15:57:02,0.0,0.0,62.0
2024-01-01T15:58:04,0.0,0.0,62.0
2024-01-01T15:59:06,0.0,0.0,62.0
2024-01-01T16:00:00,0.0,0.0,54.0
2024-01-01T16:01:04,0.0,0.0,64.0
2024-01-01T16:02:06,1.263733105852709,0.0,62.0
2024-01-01T16:03:08,0.0,0.0,62.0
2024-01-01T16:04:10,0.0,0.0,62.0
2024-01-01T16:05:12,0.0,0.0,62.0
2024-01-01T16:06:14,1.6847654199025244,0.0,62.0
2024-01-01T16:07:16,2.638039255432295,0.0,62.0
2024-01-01T16:08:18,2.7411629116706924,0.0,62.0
2024-01-01T16:09:20,0.0,0.0,62.0
2024-01-01T16:10:22,0.0,0.0,62.0
2024-01-01T16:11:24,0.0,0.0,62.0
2024-01-01T16:12:26,0.7299964371414732,0.0,62.0
2024-01-01T16:13:28,0.4639239048203897,0.0,62.0
2024-01-01T16:14:30,0.0,0.0,62.0
2024-01-01T16:15:32,0.0,0.0,62.0
2024-01-01T16:16:34,0.0,0.0,62.0
2024-01-01T16:17:36,0.0,0.0,62.0
2024-01-01T16:18:38,0.0,0.0,62.0
2024-01-01T16:19:40,1.3001619977769192,0.0,62.0
2024-01-01T16:20:42,2.197056725611869,0.0,62.0
2024-01-01T16:21:44,2.0217863808937353,0.0,62.0
2024-01-01T16:22:46,1.3638509132744554,0.0,62.0
2024-01-01T16:23:48,0.0,0.0,62.0
2024-01-01T16:24:50,0.0,0.0514444,62.0
2024-01-01T16:25:52,0.0,0.0,62.0
2024-01-01T16:26:54,0.0,0.0,62.0
2024-01-01T16:27:56,1.7768801289589566,1.6462208,62.0
2024-01-01T16:28:58,1.009099192123474,2.5207756000000003,62.0
2024-01-01T16:30:00,3.115963310455653,2.4693312,62.0
2024-01-01T16:31:02,3.498562254273402,2.5207756000000003,62.0
2024-01-01T16:32:04,2.323483932877442,3.0352196000000005,62.0
2024-01-01T16:33:06,1.539637008114672,3.5496636,62.0
2024-01-01T16:34:08,10.919826645701946,8.8484368,62.0
2024-01-01T16:35:10,1.5960453369313081,1.543332,62.0
2024-01-01T16:36:12,3.9921414123988828,1.0803324,62.0
2024-01-01T16:37:14,4.820009124088102,4.6814404,62.0
2024-01-01T16:38:16,9.811977775869336,9.5686584,62.0
2024-01-01T16:39:18,8.327690770015597,9.774436,62.0
2024-01-01T16:40:20,10.219453399913832,10.854768400000001,62.0
2024-01-01T16:41:22,8.670897445873123,11.0091016,62.0
2024-01-01T16:42:24,10.125441855072834,12.140878400000002,62.0
2024-01-01T16:43:26,13.201181570989808,12.089434,62.0
2024-01-01T16:44:28,11.922780925324524,12.346656,62.0
2024-01-01T16:45:30,11.764113357074319,12.3981004,62.0
2024-01-01T16:46:32,11.28746142896931,12.3981004,62.0
2024-01-01T16:47:34,11.511148443334584,12.089434,62.0
2024-01-01T16:48:36,14.046251162410758,12.346656,62.0
2024-01-01T16:49:38,12.665877435309003,12.4495448,62.0
2024-01-01T16:50:40,10.62807807985857,12.3981004,62.0
2024-01-01T16:51:42,13.37778904083349,11.832212,62.0
2024-01-01T16:52:44,5.931443884697024,3.343886,62.0
2024-01-01T16:53:46,3.777276602075335,3.0352196000000005,62.0
2024-01-01T16:54:48,3.3432669176832412,2.0063316,62.0
2024-01-01T16:55:50,9.4449455760534,7.6137712,62.0
2024-01-01T16:56:52,10.273303822273412,12.7582112,62.0
2024-01-01T16:57:54,15.606061151828508,12.8096556,62.0
2024-01-01T16:58:56,14.817987506015804,13.1697664,62.0
2024-01-01T16:59:58,13.491493251369391,12.7582112,62.0
2024-01-01T16:59:58,12.570020391271743,12.7582112,0.0
2024-01-01T17:01:00,11.421124776121733,13.4269884,62.0
2024-01-01T17:02:02,12.569775944455603,13.0668776,62.0
2024-01-01T17:03:04,13.945250724794423,13.2726552,62.0
2024-01-01T17:04:06,11.307451231440577,12.9639888,62.0
2024-01-01T17:05:08,13.116589898928897,13.2212108,62.0
2024-01-01T17:06:10,11.085787943783615,12.8611,62.0
2024-01-01T17:07:12,12.95294093590373,13.529877200000001,62.0
2024-01-01T17:08:14,0.5432789506139213,2.57222,62.0
2024-01-01T17:09:16,0.5913334683041991,2.7779976000000004,62.0
2024-01-01T17:10:18,3.2366873171958557,2.7265532,62.0
2024-01-01T17:11:20,1.6511392623993262,2.5207756000000003,62.0
2024-01-01T17:12:22,1.3290901053872806,2.057776,62.0
2024-01-01T17:13:24,0.0,0.0,62.0
2024-01-01T17:14:26,4.084676981439648,0.0,62.0
2024-01-01T17:15:28,0.9110506285586807,0.0,62.0
2024-01-01T17:16:30,1.0721153087515605,0.0,62.0
2024-01-01T17:17:32,0.0,0.0,62.0
2024-01-01T17:18:34,0.7571260328569958,0.0,62.0
2024-01-01T17:19:36,0.0,0.0,62.0
2024-01-01T17:20:38,0.0,0.0,62.0
2024-01-01T17:21:40,2.8936371018278546,0.0,62.0
2024-01-01T17:22:42,0.8591870433144377,0.0,62.0
2024-01-01T17:23:44,0.7835079457082786,0.0,62.0
2024-01-01T17:24:46,0.0,0.0,62.0
2024-01-01T17:25:48,0.0,0.0,62.0
2024-01-01T17:26:50,0.0,0.0,62.0
2024-01-01T17:27:52,0.0,0.0,62.0
2024-01-01T17:28:54,0.9189614138815609,0.0,62.0
2024-01-01T17:29:56,1.0188913213330717,0.0,62.0
2024-01-01T17:30:58,0.09825490217901542,0.0,62.0
2024-01-01T17:32:00,1.2415697603741294,0.0,62.0
2024-01-01T17:33:02,0.36773680996077623,0.0,62.0
2024-01-01T17:34:04,0.0,0.0,62.0
2024-01-01T17:35:06,0.0,0.0,62.0
2024-01-01T17:36:08,0.20359956388065303,0.0,62.0
2024-01-01T17:37:10,1.3933875909627698,0.0,62.0
2024-01-01T17:38:12,0.33742626665872993,0.0,62.0
2024-01-01T17:39:14,0.0,0.0,62.0
2024-01-01T17:40:16,1.449256958921482,0.0,62.0
2024-01-01T17:41:18,0.571133768621899,0.0,62.0
2024-01-01T17:42:20,2.3185105883799917,0.0,62.0
2024-01-01T17:43:22,0.13091620342832405,0.0,62.0
2024-01-01T17:44:24,0.0,0.0,62.0
2024-01-01T17:45:26,1.76546904532273,0.0,62.0
2024-01-01T17:46:28,0.0,0.0,62.0
2024-01-01T17:47:30,0.44313619050114283,0.0,62.0
2024-01-01T17:48:32,0.27857503405344686,0.0,62.0
2024-01-01T17:49:34,0.06844399498179589,0.0,62.0
2024-01-01T17:50:36,0.0,0.0,62.0
2024-01-01T17:51:38,0.0,0.0,62.0
2024-01-01T17:52:40,0.0,0.0,62.0
2024-01-01T17:53:42,1.6831984833457143,0.0,62.0
2024-01-01T17:54:44,0.6432010766613899,0.0,62.0
2024-01-01T17:55:46,2.863945575939695,0.0,62.0
2024-01-01T17:56:48,0.0,0.0,62.0
2024-01-01T17:57:50,0.0,0.0,62.0
2024-01-01T17:58:52,1.7447902784420657,0.0,62.0
2024-01-01T17:59:54,0.0,0.0,62.0
2024-01-01T18:00:00,0.0,0.0,6.0
2024-01-01T18:01:02,0.0,0.0,62.0
2024-01-01T18:02:04,0.0,0.0,62.0
2024-01-01T18:03:06,0.7976960977209337,0.0,62.0
2024-01-01T18:04:08,0.0,0.0,62.0
2024-01-01T18:05:10,2.4640888610969496,0.0,62.0
2024-01-01T18:06:14,0.0,0.0,64.0
2024-01-01T18:07:16,0.0,0.0,62.0
2024-01-01T18:08:18,0.0,0.0,62.0
2024-01-01T18:09:20,0.0,0.0,62.0
2024-01-01T18:10:22,0.0,0.0,62.0
2024-01-01T18:11:24,0.4688648630033463,0.0,62.0
2024-01-01T18:12:26,0.967261934331338,0.0,62.0
2024-01-01T18:13:28,2.529977030501846,0.0,62.0
2024-01-01T18:14:30,0.0,0.0,62.0
2024-01-01T18:15:32,1.1614365872465398,0.0,62.0
2024-01-01T18:16:34,1.0634046766030756,0.0,62.0
2024-01-01T18:17:36,0.0,0.0,62.0
2024-01-01T18:18:38,0.0,0.0,62.0
2024-01-01T18:19:40,0.0,0.0,62.0
2024-01-01T18:20:42,0.6718392878368858,0.0,62.0
2024-01-01T18:21:44,0.5067388738979827,0.0,62.0
2024-01-01T18:22:46,0.5368915499773237,0.0,62.0
2024-01-01T18:23:48,0.0,0.0,62.0
2024-01-01T18:24:50,0.0,0.0,62.0
2024-01-01T18:25:52,0.0,0.0,62.0
2024-01-01T18:26:54,0.0,0.0,62.0
2024-01-01T18:27:56,1.165773408157234,0.0,62.0
2024-01-01T18:28:58,0.0,0.0,62.0
2024-01-01T18:30:00,0.0,0.0,62.0
2024-01-01T18:31:02,0.18197884838483638,0.0,62.0
2024-01-01T18:32:04,0.0,0.0,62.0
2024-01-01T18:33:06,0.0,0.0,62.0
2024-01-01T18:34:08,0.7978879820532803,0.0,62.0
2024-01-01T18:35:10,0.0,0.0,62.0
2024-01-01T18:36:12,0.0,0.0,62.0
2024-01-01T18:37:14,0.0,0.0,62.0
2024-01-01T18:38:16,0.0,0.0,62.0
2024-01-01T18:39:18,0.0,0.0,62.0
2024-01-01T18:40:20,0.0,0.0,62.0
2024-01-01T18:41:22,0.0,0.0,62.0
2024-01-01T18:42:24,0.0,0.0,62.0
2024-01-01T18:43:26,1.4934227460378664,0.0,62.0
2024-01-01T18:44:28,0.5538261169165173,0.0,62.0
2024-01-01T18:45:30,0.0,0.0,62.0
2024-01-01T18:46:32,1.3244793081926851,0.0,62.0
2024-01-01T18:47:34,0.7748355671997527,0.0,62.0
2024-01-01T18:48:36,0.6862723527675543,0.0,62.0
2024-01-01T18:49:38,1.3318663293776272,0.0,62.0
2024-01-01T18:50:40,0.02254505536619527,0.0,62.0
2024-01-01T18:51:42,0.9301255224179349,0.0,62.0
2024-01-01T18:52:44,0.0,0.0,62.0
2024-01-01T18:53:46,1.2713704773137664,0.0,62.0
2024-01-01T18:54:48,0.32717033256083466,0.0,62.0
2024-01-01T18:55:50,0.0,0.0,62.0
2024-01-01T18:56:52,1.5545774518958162,0.0,62.0
2024-01-01T18:57:54,0.0,0.0,62.0
2024-01-01T18:58:56,0.0,0.0,62.0
2024-01-01T18:59:58,0.0,0.0,62.0
2024-01-01T19:00:00,0.0,0.0,2.0
2024-01-01T19:01:02,0.3444529726107381,0.0,62.0
2024-01-01T19:02:04,0.0,0.0,62.0
2024-01-01T19:03:06,0.0,0.0,62.0
2024-01-01T19:04:08,0.0,0.0,62.0
2024-01-01T19:05:10,0.5725767762600531,0.0,62.0
2024-01-01T19:06:12,0.0,0.0,62.0
2024-01-01T19:07:14,1.6697896868654662,0.0,62.0
2024-01-01T19:08:16,0.0,0.0,62.0
2024-01-01T19:09:18,1.2637696623542942,0.0,62.0
2024-01-01T19:10:20,0.0,0.0,62.0
2024-01-01T19:11:22,0.0,0.0,62.0
2024-01-01T19:12:24,0.014286236900411645,0.0,62.0
2024-01-01T19:13:26,0.0,0.0,62.0
2024-01-01T19:14:28,0.0,0.0,62.0
2024-01-01T19:15:30,0.0,0.0,62.0
2024-01-01T19:16:32,0.0,0.0,62.0
2024-01-01T19:17:34,0.946524857982741,0.0,62.0
2024-01-01T19:18:36,0.7788905315365675,0.0,62.0
2024-01-01T19:19:38,0.0,0.0,62.0
2024-01-01T19:20:40,0.5683256817042541,0.0,62.0
2024-01-01T19:21:42,0.0,0.0,62.0
2024-01-01T19:22:44,1.659257627688496,0.0,62.0
2024-01-01T19:23:46,0.0,0.0,62.0
2024-01-01T19:24:48,0.0,0.0,62.0
2024-01-01T19:25:50,0.0,0.0,62.0
2024-01-01T19:26:52,0.24167393828426648,0.0,62.0
2024-01-01T19:27:54,2.3057067163226996,0.0,62.0
2024-01-01T19:28:56,0.0,0.0,62.0
2024-01-01T19:29:58,1.1146982697873014,0.0,62.0
2024-01-01T19:31:00,0.0,0.0,62.0
2024-01-01T19:32:02,1.6063694150618808,0.0,62.0
2024-01-01T19:33:04,1.1292724968004069,0.0,62.0
2024-01-01T19:34:06,0.0,0.0,62.0
2024-01-01T19:35:08,0.0,0.0,62.0
2024-01-01T19:36:10,0.7304409591445176,0.0,62.0
2024-01-01T19:37:12,0.0,0.0,62.0
2024-01-01T19:38:14,0.2859488934468163,0.0,62.0
2024-01-01T19:39:16,0.0,0.0,62.0
2024-01-01T19:40:18,0.5521539722352193,0.0,62.0
2024-01-01T19:41:20,0.0,0.0,62.0
2024-01-01T19:42:22,0.0,0.0,62.0
2024-01-01T19:43:24,1.6579603611054177,0.0,62.0
2024-01-01T19:44:26,0.35933435586507234,0.0,62.0
2024-01-01T19:45:28,0.0,0.0,62.0
2024-01-01T19:46:30,0.629983117831207,0.0,62.0
2024-01-01T19:47:32,0.0,0.0,62.0
2024-01-01T19:48:34,3.13527723714909,0.0,62.0
2024-01-01T19:49:36,0.037031645828487475,0.0,62.0
2024-01-01T19:50:38,0.0,0.0,62.0
2024-01-01T19:51:40,1.7956417893884344,0.0,62.0
2024-01-01T19:52:42,0.0,0.0,62.0
2024-01-01T19:53:44,1.5655700299141961,0.0,62.0
2024-01-01T19:54:46,0.1823512315689736,0.0,62.0
2024-01-01T19:55:48,0.0,0.0,62.0
2024-01-01T19:56:50,0.3918925629077761,0.0,62.0
2024-01-01T19:57:52,0.28156417219188723,0.0,62.0
2024-01-01T19:58:54,1.7276572040803098,0.0,62.0
2024-01-01T19:59:56,0.7832458055826261,0.0,62.0
2024-01-01T20:00:00,0.0,0.0,4.0
2024-01-01T20:01:02,1.5034039089277695,0.0,62.0
2024-01-01T20:02:04,0.0,0.0,62.0
2024-01-01T20:03:06,2.580397963282403,0.0,62.0
2024-01-01T20:04:08,0.0,0.0,62.0
2024-01-01T20:05:10,0.0,0.0,62.0
2024-01-01T20:06:12,0.0,0.0,62.0
2024-01-01T20:07:14,0.0,0.0,62.0
2024-01-01T20:08:16,0.0,0.0,62.0
2024-01-01T20:09:18,1.764673238049408,0.0,62.0
2024-01-01T20:10:20,0.0,0.0,62.0
2024-01-01T20:11:22,1.206869453606463,0.0,62.0
2024-01-01T20:12:24,1.2429901822765974,0.0,62.0
2024-01-01T20:13:26,2.0663212844198617,0.0,62.0
2024-01-01T20:14:28,0.06564229265990273,0.0,62.0
2024-01-01T20:15:30,0.0,0.0,62.0
2024-01-01T20:16:32,0.0,0.0,62.0
2024-01-01T20:17:34,0.8920477949712182,0.0,62.0
2024-01-01T20:18:36,0.127094907750207,0.0,62.0
2024-01-01T20:19:38,0.5500916282787195,0.0,62.0
2024-01-01T20:20:40,2.0479292038370494,0.0,62.0
2024-01-01T20:21:42,0.8730050316429243,0.0,62.0
2024-01-01T20:22:44,0.297662292796283,0.0,62.0
2024-01-01T20:23:46,0.0,0.0,62.0
2024-01-01T20:24:48,0.0,0.0,62.0
2024-01-01T20:25:50,0.0,0.0,62.0
2024-01-01T20:26:52,0.0,0.0,62.0
2024-01-01T20:27:54,0.0,0.0,62.0
2024-01-01T20:28:56,0.0,0.0,62.0
2024-01-01T20:29:58,0.0,0.0,62.0
2024-01-01T20:31:00,0.7587153984654894,0.0,62.0
2024-01-01T20:32:02,0.0,0.0,62.0
2024-01-01T20:33:04,0.37206096434370717,0.0,62.0
2024-01-01T20:34:06,0.0,0.0,62.0
2024-01-01T20:35:08,0.06301984433021242,0.0,62.0
2024-01-01T20:36:10,0.6764592161275615,0.0,62.0
2024-01-01T20:37:14,2.2089453759945865,0.0,64.0
2024-01-01T20:38:16,0.0,0.0,62.0
2024-01-01T20:39:18,0.2162729872633937,0.0,62.0
2024-01-01T20:40:20,1.3036913058272908,0.0,62.0
2024-01-01T20:41:22,0.0,0.0,62.0
2024-01-01T20:42:24,2.996739187540696,0.0,62.0
2024-01-01T20:43:26,1.768546128887921,0.0,62.0
2024-01-01T20:44:28,0.0,0.0,62.0
2024-01-01T20:45:30,0.5570727624051597,0.0,62.0
2024-01-01T20:46:32,0.0,0.0,62.0
2024-01-01T20:47:34,0.0,0.0,62.0
2024-01-01T20:48:36,0.5257522452331567,0.0,62.0
2024-01-01T20:49:38,1.5755993038116585,0.0,62.0
2024-01-01T20:50:40,0.0,0.0,62.0
2024-01-01T20:51:42,0.0,0.0,62.0
2024-01-01T20:52:44,0.5582501435491626,0.0,62.0
2024-01-01T20:53:46,0.8579344829587495,0.0,62.0
2024-01-01T20:54:48,0.0,0.0,62.0
2024-01-01T20:55:50,2.5855093525379322,0.0,62.0
2024-01-01T20:56:52,0.0,0.0,62.0
2024-01-01T20:57:54,1.4470113595296301,0.0,62.0
2024-01-01T20:58:56,0.6775569748360157,0.0,62.0
2024-01-01T20:59:58,0.9094858830124308,0.0,62.0
2024-01-01T21:00:00,0.0,0.0,2.0
2024-01-01T21:01:02,0.0,0.0,62.0
2024-01-01T21:02:04,0.0,0.0,62.0
2024-01-01T21:03:06,0.0,0.0,62.0
2024-01-01T21:04:08,0.0,0.0,62.0
2024-01-01T21:05:10,1.3769147873431669,0.0,62.0
2024-01-01T21:06:14,0.0,0.0,64.0
2024-01-01T21:07:18,0.0,0.0,64.0
2024-01-01T21:08:20,0.8776070165761218,0.0,62.0
2024-01-01T21:09:22,0.9174300016690651,0.0,62.0
2024-01-01T21:10:24,0.0,0.0,62.0
2024-01-01T21:11:26,1.8500878986140714,0.0,62.0
2024-01-01T21:12:28,3.0469572974815633,0.0,62.0
2024-01-01T21:13:30,0.0,0.0,62.0
2024-01-01T21:14:32,0.0,0.0,62.0
2024-01-01T21:15:34,0.5055147013484859,0.0,62.0
2024-01-01T21:16:36,3.420390345448391,0.0,62.0
2024-01-01T21:17:38,0.0,0.0,62.0
2024-01-01T21:18:40,0.0,0.0,62.0
2024-01-01T21:19:42,0.0,0.0,62.0
2024-01-01T21:20:44,1.8321353900879283,0.0,62.0
2024-01-01T21:21:46,0.0,0.0,62.0
2024-01-01T21:22:48,0.0,0.0,62.0
2024-01-01T21:23:50,0.3464509930427309,0.0,62.0
2024-01-01T21:24:52,0.4623319673759706,0.0,62.0
2024-01-01T21:25:54,1.6065307081692537,0.0,62.0
2024-01-01T21:26:56,0.13788905551083958,0.0,62.0
2024-01-01T21:27:58,0.3733981589404008,0.0,62.0
2024-01-01T21:29:00,0.0,0.0,62.0
2024-01-01T21:30:02,0.0,0.0,62.0
2024-01-01T21:31:04,0.0,0.0,62.0
2024-01-01T21:32:06,0.09425035937901116,0.0,62.0
2024-01-01T21:33:08,0.0,0.0,62.0
2024-01-01T21:34:10,0.0,0.0,62.0
2024-01-01T21:35:12,0.0,0.0,62.0
2024-01-01T21:36:14,0.0,0.0,62.0
2024-01-01T21:37:16,1.3991296438578904,0.0,62.0
2024-01-01T21:38:18,2.523426144184824,0.0,62.0
2024-01-01T21:39:20,0.0,0.0,62.0
2024-01-01T21:40:22,0.0,0.0,62.0
2024-01-01T21:41:24,0.0,0.0,62.0
2024-01-01T21:42:28,0.0,0.0,64.0
2024-01-01T21:43:30,1.5250669304903328,0.0,62.0
2024-01-01T21:44:32,3.206417444068835,0.0,62.0
2024-01-01T21:45:34,0.0,0.0,62.0
2024-01-01T21:46:36,0.0,0.0,62.0
2024-01-01T21:47:38,1.5097249949854268,0.0,62.0
2024-01-01T21:48:40,0.4770773222684398,0.0,62.0
2024-01-01T21:49:42,0.5023935388432318,0.0,62.0
2024-01-01T21:50:44,2.382260892256431,0.0,62.0
2024-01-01T21:51:46,0.0,0.0,62.0
2024-01-01T21:52:48,0.0,0.0,62.0
2024-01-01T21:53:50,0.0,0.0,62.0
2024-01-01T21:54:52,0.0951052662907388,0.0,62.0
2024-01-01T21:55:54,0.0,0.0,62.0
2024-01-01T21:56:56,3.6911293930625697,0.0,62.0
2024-01-01T21:57:58,0.0,0.0,62.0
2024-01-01T21:59:00,0.0,0.0,62.0
2024-01-01T22:00:00,0.18651537732169526,0.0,60.0
2024-01-01T22:01:02,1.4563303680200286,0.0,62.0
2024-01-01T22:02:04,0.0,0.0,62.0
2024-01-01T22:03:06,0.0,0.0,62.0
2024-01-01T22:04:08,1.4989269603517623,0.0,62.0
2024-01-01T22:05:10,1.5822096496419344,0.0,62.0
2024-01-01T22:06:12,0.3264421501842758,0.0,62.0
2024-01-01T22:07:14,3.627586830381751,0.0,62.0
2024-01-01T22:08:16,2.9709765700434305,0.0,62.0
2024-01-01T22:09:18,0.0,0.0,62.0
2024-01-01T22:10:20,0.0,0.0,62.0
2024-01-01T22:11:22,1.1935716717980374,0.0,62.0
2024-01-01T22:12:24,2.0480484669617396,0.0,62.0
2024-01-01T22:13:26,0.0,0.0,62.0
2024-01-01T22:14:28,0.0,0.0,62.0
2024-01-01T22:15:30,0.0,0.0,62.0
2024-01-01T22:16:32,0.0,0.0,62.0
2024-01-01T22:17:34,1.704514193867774,0.0,62.0
2024-01-01T22:18:36,0.0,0.0,62.0
2024-01-01T22:19:38,0.4527011355164695,0.0,62.0
2024-01-01T22:20:40,0.0,0.0,62.0
2024-01-01T22:21:42,1.5034065535134151,0.0,62.0
2024-01-01T22:22:44,0.8816673418344729,0.0,62.0
2024-01-01T22:23:46,0.0,0.0,62.0
2024-01-01T22:24:48,0.38854323222557163,0.0,62.0
2024-01-01T22:25:50,0.007115039291382523,0.0,62.0
2024-01-01T22:26:52,0.0,0.0,62.0
2024-01-01T22:27:54,0.0,0.0,62.0
2024-01-01T22:28:56,0.0,0.0,62.0
2024-01-01T22:29:58,0.4536467186641824,0.0,62.0
2024-01-01T22:31:00,0.0,0.0,62.0
2024-01-01T22:32:02,0.0,0.0,62.0
2024-01-01T22:33:04,2.2451351789857115,0.0,62.0
2024-01-01T22:34:06,0.0,0.0,62.0
2024-01-01T22:35:08,0.0,0.0,62.0
2024-01-01T22:36:10,0.0,0.0,62.0
2024-01-01T22:37:12,0.14909113434214438,0.0,62.0
2024-01-01T22:38:14,0.0,0.0,62.0
2024-01-01T22:39:16,1.1021228936115124,0.0,62.0
2024-01-01T22:40:18,0.0,0.0,62.0
2024-01-01T22:41:20,0.0,0.0,62.0
2024-01-01T22:42:22,0.0,0.0,62.0
2024-01-01T22:43:24,0.0,0.0,62.0
2024-01-01T22:44:26,1.0621947907429208,0.0,62.0
2024-01-01T22:45:28,0.0,0.0,62.0
2024-01-01T22:46:30,0.0,0.0,62.0
2024-01-01T22:47:32,0.04165511780297317,0.0,62.0
2024-01-01T22:48:34,0.11665120345879446,0.0,62.0
2024-01-01T22:49:36,1.0406278810601544,0.0,62.0
2024-01-01T22:50:38,1.0497235846575235,0.0,62.0
2024-01-01T22:51:40,2.1325438249272732,0.0,62.0
2024-01-01T22:52:42,0.25142547829406725,0.0,62.0
2024-01-01T22:53:44,0.0,0.0,62.0
2024-01-01T22:54:46,1.286922899436515,0.0,62.0
2024-01-01T22:55:48,2.024736688806887,0.0,62.0
2024-01-01T22:56:50,3.6925425257772355,0.0,62.0
2024-01-01T22:57:52,2.1775588211652357,0.0,62.0
2024-01-01T22:58:54,0.0,0.0,62.0
2024-01-01T22:59:56,0.2807760412328763,0.0,62.0
2024-01-01T23:00:00,0.0,0.0,4.0
2024-01-01T23:01:02,0.0,0.0,62.0
2024-01-01T23:02:04,0.0,0.0,62.0
2024-01-01T23:03:06,1.9286146531995965,0.0,62.0
2024-01-01T23:04:08,0.0,0.0,62.0
2024-01-01T23:05:10,0.0,0.0,62.0
2024-01-01T23:06:12,1.8292395338499436,0.0,62.0
2024-01-01T23:07:14,2.1805022611109273,0.0,62.0
2024-01-01T23:08:16,0.0,0.0,62.0
2024-01-01T23:09:18,2.4761225164578256,0.0,62.0
2024-01-01T23:10:20,1.4638231249616276,0.0,62.0
2024-01-01T23:11:22,0.0,0.0,62.0
2024-01-01T23:12:24,0.0,0.0,62.0
2024-01-01T23:13:26,0.0,0.0,62.0
2024-01-01T23:14:28,0.0,0.0,62.0
2024-01-01T23:15:30,1.1399054729397418,0.0,62.0
2024-01-01T23:16:32,1.144650036821872,0.0,62.0
2024-01-01T23:17:34,0.0,0.0,62.0
2024-01-01T23:18:36,0.0,0.0,62.0
2024-01-01T23:19:38,0.0,0.0,62.0
2024-01-01T23:20:40,0.0,0.0,62.0
2024-01-01T23:21:42,0.24545064550319035,0.0,62.0
2024-01-01T23:22:44,0.0,0.0,62.0
2024-01-01T23:23:46,0.0,0.0,62.0
2024-01-01T23:24:48,0.0,0.0,62.0
2024-01-01T23:25:50,0.0,0.0,62.0
2024-01-01T23:26:52,1.4846990188912663,0.0,62.0
2024-01-01T23:27:54,0.0,0.0,62.0
2024-01-01T23:28:56,0.30585802701735615,0.0,62.0
2024-01-01T23:29:58,0.8442599944824061,0.0,62.0
2024-01-01T23:31:00,0.0,0.0,62.0
2024-01-01T23:32:02,0.0,0.0,62.0
2024-01-01T23:33:04,1.5151035308904186,0.0,62.0
2024-01-01T23:34:06,1.1207118480399048,0.0,62.0
2024-01-01T23:35:08,0.343160070037023,0.0,62.0
2024-01-01T23:36:10,0.06049560133371585,0.0,62.0
2024-01-01T23:37:12,0.0,0.0,62.0
2024-01-01T23:38:14,1.1619849538351126,0.0,62.0
2024-01-01T23:39:16,2.229594064992564,0.0,62.0
2024-01-01T23:40:20,0.0,0.0,64.0
2024-01-01T23:41:22,2.0175279844073706,0.0,62.0
2024-01-01T23:42:24,1.6971866945180336,0.0,62.0
2024-01-01T23:43:26,0.0,0.0,62.0
2024-01-01T23:44:28,0.0,0.0,62.0
2024-01-01T23:45:30,0.0,0.0,62.0
2024-01-01T23:46:32,0.0,0.0,62.0
2024-01-01T23:47:34,0.6724763436452356,0.0,62.0
2024-01-01T23:48:36,0.0,0.0,62.0
2024-01-01T23:49:38,0.5787041626870478,0.0,62.0
2024-01-01T23:50:40,0.958688645217741,0.0,62.0
2024-01-01T23:51:42,0.9802179843281004,0.0,62.0
2024-01-01T23:52:44,0.6817538581284422,0.0,62.0
2024-01-01T23:53:46,0.0,0.0,62.0
2024-01-01T23:54:48,0.0,0.0,62.0
2024-01-01T23:55:50,0.5285281654710808,0.0,62.0
2024-01-01T23:56:52,2.1915384335086463,0.0,62.0
2024-01-01T23:57:54,0.0036987442312795063,0.0,62.0
2024-01-01T23:58:56,0.6383119414136713,0.0,62.0
2024-01-01T23:59:58,0.0,0.0,62.0
