timestamp,est_x,est_y,est_speed,est_heading,est_yaw_rate,true_x,true_y,true_speed,true_heading,true_yaw_rate,gps_x,gps_y,dt,gps_error,ukf_error
2025-01-02 00:00:32,-4.700752358931258,-5.832242065490833,0.0,1.1302019511928596,0.07387092116813146,0.0,0.0,0.0514444,1.5289084247470326,0.04094370753448993,-4.700752358931258,-5.832242065490833,0.0,7.49080237694725,7.49080237694725
2025-01-02 00:01:33,15.273279069584023,3.5462223744820704,-0.815115425929249,-2.082201396384453,0.07659285562486144,0.9255121268967667,-1.1119492665983,0.0514444,-2.2567107228286685,0.04094370753448993,17.343971408404915,8.478528916811225,61.0,19.01428612819832,15.084991855464642
2025-01-02 00:02:34,16.956279407341945,13.246784777183704,-0.9513051479597084,-1.8618979209748505,0.07401090528020113,2.7765363759804726,2.2238985331966,0.0514444,-1.99142067652553,0.004349017152510452,10.4940721896617,14.664384588973805,61.0,14.639878836228101,17.96020973105059
2025-01-02 00:04:32,5.471764204300484,-14.272521166712211,-0.3997330446561861,-2.3577803279733964,0.06169234425439472,4.627560629774006,2.2238985331966,0.0514444,-1.975712713257581,0.0001331183327792353,14.249727418783857,-4.901457497551144,118.0,11.973169683940732,16.518006616743524
2025-01-02 00:05:33,2.825328815074681,-8.347377272778076,-0.6884220824496525,-2.4304326550534157,0.05092509823656774,5.553072754315859,2.2238985331966,0.0514444,-2.3073252711365035,-0.005436271440638079,3.104766112309488,0.28933887970694805,61.0,3.12037280884873,10.917529902136861
2025-01-02 00:06:34,-0.022848278703551828,-12.570894870188214,-1.2460716741477285,-2.2960912016989248,0.06475248089299723,1.8510242514386197,-1.1119492665983,0.0514444,-2.124065699677099,0.0030042552698263144,4.965706964007732,-0.9317611704545964,61.0,3.119890406724053,11.611151217913495
2025-01-02 00:08:32,5.864920065073529,-4.0669454827694,-1.2242183129599036,-2.354485902422417,0.03716267110528699,0.0,0.0,0.0514444,-2.1746802479849343,-0.00042893685006640647,0.933459225149362,0.6914739879314885,118.0,1.1616722433639892,7.137039507353208
2025-01-02 00:09:33,-13.699997301061618,-22.999317180530554,-2.1626583016118675,-2.772754691089814,0.09347574510118188,2.7765363759804726,4.447797065685877,0.0,-2.4033183799961915,-0.003748166098545199,0.37047881041192454,-8.727419931640505,61.0,13.39311225725625,32.01281372287602
2025-01-02 00:10:34,39.91088710691477,9.810208422779109,-2.207928903423385,1.0554859530010237,0.09483383033832045,3.7020485028772394,6.671695598882477,0.0514444,1.4765485471872026,-0.039398661967150694,15.71826943772625,7.053974792812271,61.0,12.022300234864176,36.34460421849442
2025-01-02 00:12:32,-14.026477696041674,17.201444638456458,-2.727248239478238,-2.097272707080308,0.1031593678138759,1.8510242514386197,2.2238985331966,0.0514444,-2.157226955464991,0.02245262546209655,9.378305048977586,14.219179020358867,118.0,14.161451555920907,21.827092234821965
2025-01-02 00:13:33,0.7525423971092424,7.0654870709953155,-2.059255994968687,-1.9997196568707087,0.07401394846553251,0.9255121268967667,0.0,0.0,-2.076941809873252,0.0013161499277334198,0.5329720452847151,-0.12410014703284307,61.0,0.41168988591604894,7.067603984224409
2025-01-02 00:14:34,2.6045626316279997,-18.371142792352316,-2.224295040350844,-1.8541161556150878,0.09148928821987891,0.9255121268967667,0.0,0.0,-1.9390607989657,0.0022603444411074154,-6.00016893541579,-18.11974035000187,61.0,19.398197043239886,18.447712543685103
2025-01-02 00:16:32,0.1474149482603606,-14.401160470181953,-2.576279220194751,-1.9015051113910573,0.11174741019353876,-0.925512124541853,2.2238985331966,0.0,-1.9198621771937625,0.0001627001845079509,-10.544743032651747,-11.364872449698629,118.0,16.648852816008436,16.65964463514664
2025-01-02 00:17:33,3.8376286791986036,-4.0671402829325505,-2.4829189347549696,-2.072366789050906,0.06491471882868027,-0.925512124541853,2.2238985331966,0.0,-1.975712713257581,-0.0009155825584232562,-0.24191888422037622,6.415301574093916,61.0,4.246782213565523,7.8907971525252725
2025-01-02 00:18:34,6.764066892365367,-13.549516887420852,-3.3140184380095916,-1.9892356329679386,0.06662244167621251,-2.7765363759804726,-2.2238985331966,0.0514444,-1.679006740418545,0.00486403234162353,-3.6325854543579563,-5.75820291388516,61.0,3.636499344142013,14.808536113657981
2025-01-02 00:20:32,6.892443080976846,-2.8005972636536884,-3.036963602007856,-1.5404728018083238,0.05574780044818941,-2.7765363759804726,-4.4477970663932,0.0514444,-1.7453292519943295,-0.0005620551828456267,-2.482976669380575,-0.7914726288613902,118.0,3.6680901970686763,9.808283791225035
2025-01-02 00:21:33,7.783553143316192,-8.364850523138976,-3.997390509449024,-2.1289287910728873,0.07538623134287997,-2.7765363759804726,-5.559746332284177,0.0,-1.5830136315588568,0.002660911810417579,-5.5526051850773035,-0.14506453853305512,61.0,6.084844859190755,10.92630313404815
2025-01-02 00:22:34,11.123447993651286,-19.23102871214934,-4.399164244633045,-1.9317483131663167,0.09842604308039327,-1.8510242514386197,-6.671695598882477,0.0,-1.7435839227423353,-0.002632299855466854,-2.082372215611525,-17.164274077751855,61.0,10.495128632644757,18.05751307042611
2025-01-02 00:24:32,2.032427890612468,-9.80394467927194,-4.040976519580927,-1.8880165247490224,0.08424432593620468,-0.925512124541853,-6.671695598882477,0.0514444,-1.7086773377024487,0.00029581851728717115,-6.019437448541933,-13.648981922762683,118.0,8.638900372842315,4.308177507351778
2025-01-02 00:25:33,6.423592137578346,-6.480259050124262,-3.74080042670925,-1.8613112572335209,0.06770120973927964,-0.925512124541853,-4.4477970663932,0.0514444,-1.6929693744344996,0.00025750759455655354,2.475058177769055,-9.176632701011663,61.0,5.824582803960839,7.624974437388317
2025-01-02 00:26:34,4.7164399399449906,-18.515645682406447,-4.438018835350525,-1.9852429855683582,0.07738452044836314,-1.8510242514386197,-4.4477970663932,0.0,-1.7592918860102844,-0.0010872542881276348,-8.562191738484156,-14.680383096956783,61.0,12.23705789444759,15.525332543561566
2025-01-02 00:28:32,10.277179964166779,19.878650525206005,-4.363118577013364,-1.017079341645334,0.05889520444023266,-1.8510242514386197,-5.559746332284177,0.0514444,-1.6231562043547265,0.0011536922174199841,-4.387861780416252,-6.720724461025268,118.0,2.7898772130408362,28.18164956447005
2025-01-02 00:29:33,9.118683494700583,-1.4586819533609754,-4.325994663113274,-2.218421118681242,0.0682419441894767,-1.8510242514386197,-5.559746332284177,0.0,-1.9634954084936207,-0.005579331215391711,3.008697600429876,-2.3159057397799323,61.0,5.842892970704362,11.711243190873427
2025-01-02 00:30:34,6.204051323171316,-7.530653868179073,-5.060685254389802,-2.3149911248963813,0.0755377146943938,-0.925512124541853,-4.4477970663932,0.0,-2.092649773141201,-0.0021172846663537618,-5.864178090413655,0.9649636493746918,61.0,7.327236865873834,7.767540216521901
2025-01-02 00:32:32,25.451617397026272,19.172823926987828,-5.122751517565118,-1.526447635689584,0.057280682989987265,0.9255121268967667,-4.4477970663932,0.0,-1.9582594207376376,0.0011389012915556187,0.055566772627008154,4.6320227160736,118.0,9.12139968434072,34.0508968433201
2025-01-02 00:33:33,14.853420032301175,4.816176311565696,-5.831319492178795,-2.3894397036305866,0.07736100311130152,0.9255121268967667,-4.4477970663932,0.0,-1.9390607989657,0.00031473150445798884,1.5184017761650774,11.244525833788526,61.0,15.703519227860273,16.72745711006182
2025-01-02 00:34:34,13.36918856728466,-7.274829386989954,-5.807692646852862,-2.390923543569697,0.08939483693814551,-0.925512124541853,-3.335847799087577,0.0,-2.1519909677090086,-0.0034906585039886605,3.0106802637233443,-4.009819011479292,61.0,3.9934756431671947,14.827475975996027
2025-01-02 00:36:32,1.0509592636257736,-11.164060599296388,-5.85564980998706,-2.7160560478757843,0.0825826922813732,0.0,-1.1119492665983,0.0,-2.2479840765686965,-0.000813500922539732,-8.050577386529598,5.288287198074179,118.0,10.284688768272233,10.106901484567768
2025-01-02 00:37:33,15.621497052280292,-12.360986418329944,-5.5281763721697335,-2.520198498794027,0.07069281072592612,-0.925512124541853,-2.2238985331966,0.0,-2.34223185617639,-0.0015450455673392339,8.300111109110402,-9.658270363465487,61.0,11.84829137724085,19.405258655548845
2025-01-02 00:38:34,7.556090856681215,-10.675576870268436,-6.076016256512103,-2.7010059756273685,0.0710484795071356,-1.8510242514386197,0.0,0.0514444,-2.0525072003453313,0.00474958452182063,-2.482112979163074,-0.6817502141417926,61.0,0.9290082543999545,14.228905656108163
2025-01-02 00:40:32,8.446531923906804,-14.980961779272008,-5.538047944300224,-1.4582390111436385,0.06356140737229828,-2.7765363759804726,0.0,0.0514444,-1.8029251173101426,0.0021151023986033016,0.5996191855260937,-11.672440723913937,118.0,12.150897038028765,18.71861314029283
2025-01-02 00:41:33,0.29199174424751484,-0.6272610201885012,-5.341544560752146,-2.380396261664046,0.047502022068298316,-3.702048500522326,0.0,0.0,-2.064724505109292,-0.0042917932426090166,-7.112062822623361,-0.05650687385882814,61.0,3.410482473745831,4.042995654745259
2025-01-02 00:42:34,-12.915206594824909,-29.156316712656846,-6.706955231155656,-3.1290438453197145,0.0655733958791148,-5.553072754315859,0.0,0.0514444,-1.801179788058148,0.004320405197559741,-6.705152156014996,-0.6044807293450682,61.0,1.30103185970559,30.07144524186228
2025-01-02 00:44:32,-27.73287351658669,2.160502737510604,-5.568143157982923,-1.9992176611010837,0.03877588495659286,-8.329609130296332,-2.2238985331966,0.0514444,-2.057743188101315,-0.002174266102060733,-27.286351512452917,-1.3320334200953254,118.0,18.977710745066666,19.892451918928014
2025-01-02 00:45:33,-7.3997579542241505,-8.229394882039223,-7.284716557136118,2.764297159197882,0.053653976140789574,-8.329609130296332,-2.2238985331966,0.0514444,-2.2026055160168436,-0.002374792260910315,-1.815435191798148,15.956960280920896,61.0,19.312640661491187,6.077055998228492
2025-01-02 00:46:34,-33.993326962077255,-32.330310292663356,-8.654136653627644,2.3901451140818653,0.07991304741414634,-8.329609130296332,-3.335847799087577,0.0,-2.2671826983406342,-0.0010586423331768954,-11.114141573331153,-19.26220607869366,61.0,16.167946962329218,38.720863474884474
2025-01-02 00:48:32,7.393136173924602,-5.81767857713407,-7.317204621722161,-1.517464882746322,0.055700068251177445,-9.255121254838185,-1.1119492665983,0.0,-1.9984019935335073,0.002277802583111245,-10.425727768889761,4.86680476223271,118.0,6.092275383467413,17.30053073632109
2025-01-02 00:49:33,2.6012159441195823,-6.963622166272813,-7.558614915760193,-2.641406882596904,0.05708123415781836,-10.180633381734951,-1.1119492665983,0.0,-2.064724505109292,-0.0010872542881276202,-8.249945661809836,-0.8146587186140486,61.0,1.9534422801276774,14.057657981101729
2025-01-02 00:50:34,-17.724266395157,-33.78449048113251,-8.575508381370247,-3.034720643054069,0.04459206116591062,-9.255121254838185,-1.1119492665983,0.0,-1.6632987771505963,0.006580749638667142,-17.610421504924645,-11.949794604067346,61.0,13.684660530243137,33.75235353013508
2025-01-02 00:52:32,8.082950156057446,2.2225010199436968,-9.163413883154353,-2.1316949320591565,0.049642029740920815,-8.329609130296332,1.1119492665983,0.0514444,-1.4398966328953218,0.0018932385106379195,-4.437476348172216,9.007833606201478,118.0,8.803049874792027,16.45008898228019
2025-01-02 00:53:33,-2.87026581081192,-20.535344376737854,-9.77979516047003,-3.0804280130527233,0.06654200947515407,-8.329609130296332,1.1119492665983,0.0514444,-1.2758356832078548,0.0026895237653683183,-6.057664004624288,0.21998645821064267,61.0,2.4407646968955765,22.325092419983864
2025-01-02 00:54:34,1.8445300105453062,-27.636187001693436,-10.62062877006834,-2.8672587991551035,0.09542533609899159,-8.329609130296332,1.1119492665983,0.0,-1.577777643802874,-0.004949868206475734,1.1618803435166427,-1.7150096102577983,61.0,9.903538202225404,30.495384013936874
2025-01-02 00:56:32,11.706459490969442,-18.05624917635323,-10.471322962577863,-2.3728353244765645,0.07163194667261112,-5.553072754315859,1.1119492665983,0.0514444,-1.445132620651305,0.001124110365691261,-4.961378371547811,0.7613413499770876,118.0,0.6877704223043676,25.793628765150753
2025-01-02 00:57:33,-3.882102837765439,4.5518559423925975,-10.463811816413674,-2.5369346189290227,0.06718458471163045,-4.627560627419093,0.0,0.0514444,-1.5830136315588568,-0.0022603444411074007,-17.09022687436055,13.244900432696102,61.0,18.186408041575643,4.6124938847059855
2025-01-02 00:58:34,10.168403466832467,-11.107842499188896,-10.384973740742407,-2.6831481589356048,0.0688000951390091,-3.702048500522326,1.1119492665983,0.0,-1.6126842288427605,-0.00048640323416235297,1.4491630347495366,1.613797121674059,61.0,5.175599632000338,18.48547398845637
2025-01-02 01:00:32,3.083354470674041,2.020057037399624,-8.115262936895288,-1.0610551994003217,0.07276980019678866,-2.7765363759804726,3.335847799087577,0.0514444,-0.8011061266653974,0.006877780526926809,9.15255333372394,-2.4322653762993047,118.0,13.250445687079642,6.005799369213787
2025-01-02 01:01:33,-5.931515616335696,10.789040028517325,-7.024976563596823,-1.5996721249153216,0.06102642043525371,-2.7765363759804726,5.559746331576854,0.0514444,-1.4102260356114185,-0.009985572277803627,-8.386777215282617,8.27833341087996,61.0,6.234221521788219,6.1073240110488465
2025-01-02 01:02:34,18.485557834089946,0.865106073431416,-7.031705070589646,-2.2548898653288707,0.06455485929510807,-1.8510242514386197,6.671695598882477,0.0,-1.8919369091618534,-0.007896899566400576,8.322880479991511,4.508373806706116,61.0,10.401360423556216,21.149303838153145
2025-01-02 01:04:32,7.372297342531555,1.2153956468305815,-5.391393968010377,-1.5614999751118446,0.05228682871859224,-2.7765363759804726,3.335847799087577,0.0,-1.5533430342749532,0.0028694396176855946,7.873255125342516,0.8581890666969785,118.0,10.934205586865593,10.367986457167948
2025-01-02 01:05:33,17.488304739887063,-13.844939409220398,-7.138554176966547,-2.1351834047742835,0.067384667695604,-0.925512124541853,3.335847799087577,0.0514444,-1.2636183784438948,0.00474958452182063,1.303747346658608,0.38646310035486264,61.0,3.6970891105105412,25.184282809202365
2025-01-02 01:06:34,11.466356298341697,12.343738049283624,-8.091949275861616,-2.3061668997549063,0.05792702722252889,0.0,4.447797065685877,0.0514444,-1.371828792067543,-0.0017739412069450477,-5.3455957719130245,23.08813896175207,61.0,19.391692555291172,13.922040467437913
2025-01-02 01:07:35,-4.076085638543853,-4.561173461147661,-8.726436328104871,-2.8406191181331213,0.06236686328576469,0.0,4.447797065685877,0.0,-1.6545721308906247,-0.00463513670201773,-11.635007296674665,14.692745223047943,61.0,15.502656467222291,9.888175973661612
2025-01-02 01:09:32,11.383860133128955,2.0346832996687914,-6.797056479123656,-2.2345209440109928,0.056128672833322894,0.0,6.671695598882477,0.0514444,-1.8762289458939043,-0.0018945026923357288,11.152757089490066,-8.450450868564587,117.0,18.78997883128378,12.292036226504614
2025-01-02 01:10:33,0.2828064125297137,4.2760544930277,-7.852865529015965,-2.9166456285388724,0.04663917388579282,0.0,7.7836448647734535,0.0,-1.6091935703387716,0.004377629107461206,-7.305401908873453,24.121254781134372,61.0,17.896547008552975,3.5189728164524716
2025-01-02 01:11:34,21.76909119543382,37.65374620781815,-4.564288784220385,-0.3855285121870701,0.03850349903505255,-0.925512124541853,10.00754339726273,0.0,-1.6580627893946132,-0.0008011347386203564,4.868666710236991,20.46800445285293,61.0,11.957999576221702,35.768107997116836
2025-01-02 01:13:32,-19.225436646147077,1.230465078638664,-3.5073101635350694,-1.4615188970700836,0.022201493756476717,-1.8510242514386197,10.00754339726273,0.0514444,-1.6615534478986016,-2.958185172871561e-05,-19.126705338220443,3.56613943014566,118.0,18.437484700462335,19.465541602345912
2025-01-02 01:14:33,-3.0569904638840177,-7.314722486868554,-2.907761945441243,0.9338573887358105,0.05950957776766112,-1.8510242514386197,15.567289730254231,0.0514444,1.36659280431156,0.049641741839510846,3.1826015594150032,4.26531071946475,61.0,12.372231745486252,22.913769607162333
2025-01-02 01:15:34,5.431213698501086,-2.8334250373498366,-0.8579661379934129,-1.7355463630400192,0.03669380784274536,-1.8510242514386197,15.567289730254231,0.0,-2.0158552860534504,0.04755306912810778,-3.1548707734475157,11.870845872727656,61.0,3.919657248382904,19.7893227149962
2025-01-02 01:17:32,-1.5491040770147446,15.354297794447907,-0.9479366248018151,-2.288371110309236,0.02588930927488477,-2.7765363759804726,15.567289730254231,0.0514444,-2.2479840765686965,-0.0019671931399597086,-3.5948457811930363,15.181838329660625,118.0,0.9045457782107617,1.2457751054114132
2025-01-02 01:18:33,19.682742711972555,27.85117377811311,-0.4316743825965449,-1.838320211614856,0.011908928238416645,-2.7765363759804726,16.67923899685253,0.0514444,-2.050761871093337,0.0032331509094321214,2.5544358041827318,20.409743689268822,61.0,6.506606615265288,25.084484126792486
2025-01-02 01:19:34,-8.994363505420214,13.883949485660143,-0.19098825772818911,1.3899533706352198,0.04699417344847096,-2.7765363759804726,17.791188262743507,0.0,1.5114551322270893,-0.044606037768182935,-8.607325696270262,12.650185431530598,61.0,7.77354579378964,7.34356106209656
2025-01-02 01:21:32,-1.8765782727329012,14.086833998094356,-0.31415408579784987,2.1293148961878594,0.04331824659594458,-5.553072754315859,18.903137529341805,0.0514444,-4.005530633326987,0.0064932164544534675,-0.13668603827689285,18.564207211770572,118.0,5.426980635477919,6.05915764592873
2025-01-02 01:22:33,9.276107926791848,20.13218314244084,-0.16404805812833775,-2.9055721686102096,0.011682071901029852,-6.4785848788577125,18.903137529341805,0.0514444,-2.9565877528783937,0.01719578492538679,4.079815408494947,31.679777424172098,61.0,16.57475018303859,15.80255987235815
2025-01-02 01:23:34,-7.350027835813187,11.764372894518582,0.20115278678619414,-2.9620309310808013,0.026944168318378287,-7.404097003399565,20.015086795232783,0.0514444,-2.827433388230814,0.0021172846663537618,-14.49189674408225,19.195166507183036,61.0,7.135066533871784,8.250891063777416
2025-01-02 01:25:32,-5.51061351449413,17.327926679271517,0.2930394394005997,2.064819703185799,0.006161717013032455,-8.329609130296332,22.238985329136707,0.0,-4.251622057858187,-0.012069395505316721,-4.297799594697828,18.325650260174097,118.0,5.618690193747615,5.662617181509601
2025-01-02 01:26:33,-11.499268479616873,11.740366008589138,0.20928036401880007,-2.523051559115933,-0.0023734584522482724,-8.329609130296332,23.350934595027685,0.0,-2.2148228207808045,0.033390151427498065,-8.958810620862018,12.51526567454143,61.0,10.85392166316497,12.035449442838798
2025-01-02 01:27:34,-10.88872107656597,22.17974239389875,0.0396128063939052,1.94095068074257,-0.025307079999749703,-8.329609130296332,24.462883861625983,0.0,-4.488986836129415,-0.03728137730079689,-9.250674526327938,21.799147123483838,61.0,2.8184844994952543,3.4295464591102482
2025-01-02 01:29:32,-13.225103950834315,15.399770454879848,0.07524763864152761,1.5123448011025848,-0.048481912746831245,-7.404097003399565,26.686782394822583,0.0,1.4590952546672593,-0.002839857765956879,-12.123195720740519,11.35256882945348,118.0,16.043939615080795,12.699636231581339
2025-01-02 01:30:33,-8.131218768647134,24.163546467242842,0.18441421907281158,1.4299822890123166,-0.016243832123493424,-8.329609130296332,27.79873166071356,0.0,1.4451326206513049,-0.00022889563960581404,-9.27633857603911,28.950609582105766,61.0,1.4910128735954156,3.6405947489969335
2025-01-02 01:31:34,-8.956422149984139,43.36745563068443,0.2999705361079975,1.877314226489457,0.01647102923815007,-8.329609130296332,30.02263019391016,0.0514444,-4.53087473817728,0.005035704071327894,-13.668349744002612,49.02463479638999,61.0,19.73773873201035,13.35953818436954
2025-01-02 01:33:32,-8.87593186345445,9.62927770475346,0.6258182930047661,1.8628636467616975,0.04106522930635601,-10.180633381734951,32.246528727106764,0.0,-4.616395871525001,-0.0007247553673535701,-9.467223104173812,12.766506763075222,118.0,19.493081078764362,22.65485135373757
2025-01-02 01:34:33,-14.571033264741345,39.340704758722566,0.15816058627845028,2.026844072666619,-0.005008382517536392,-11.106145506276805,34.47042726030336,0.0514444,-4.4505895925855405,0.002718135720319029,-9.640470678380353,30.776247224908907,61.0,3.9743136306834486,5.97704359113817
2025-01-02 01:35:34,-9.638297549458354,36.16981305927233,0.022692634985618472,1.346511312053555,-0.02706600966788685,-10.180633381734951,34.47042726030336,0.0,-4.628613176288962,-0.002918419404974118,-7.016380537246798,36.13211115133462,61.0,3.574029856837259,1.7838274156174834
2025-01-02 01:37:32,4.834782108363439,32.03472692269387,0.3314677650880746,1.417295597724896,-0.025050290490103863,-8.329609130296332,38.91822432528191,0.0514444,-4.658283773572865,-0.00025144573969409774,5.615794530309554,30.46147239195672,118.0,16.309228569096682,14.855427734533208
2025-01-02 01:38:33,-20.89712532236625,41.21322187363914,-0.004758544760545495,1.5763504231524992,0.011271523885616981,-9.255121254838185,40.030173591880214,0.0514444,-4.572762640225143,0.001401985792585609,-23.35638275400329,39.023522732501775,61.0,14.137146876952345,11.701959748064114
2025-01-02 01:39:34,-22.118788766446244,41.481791400034275,0.012951094331929341,-1.624563954081788,0.048173607589435105,-9.255121254838185,41.142122858478515,0.0,-1.5847589608108514,0.048983666875644115,-23.83460292427809,41.003217593920475,61.0,14.580143360819747,12.868151249007111
2025-01-02 01:41:32,-14.308164642437987,34.66669257518965,-0.09807387618422411,1.527419419257564,0.052988810731265844,-8.329609130296332,44.477970658273414,0.0514444,1.467821900927231,0.025869329336763412,-3.7203120831588334,29.757319864165392,118.0,15.425406933718914,11.489312583238354
2025-01-02 01:42:33,-11.540892590271078,39.727079117782566,-0.1533948563871319,0.6898517023039574,0.04495540396101214,-9.255121254838185,45.58991992416439,0.0,0.8604473212332044,-0.009956960322852888,-10.125839836087769,44.39204959210178,61.0,1.4808930346818046,6.292666598419351
2025-01-02 01:43:34,-15.947423199055438,34.391830908021404,-0.028557848976395156,1.0567641272021415,-0.01636546489499556,-8.329609130296332,46.70186919076269,0.0,1.0367255756846316,0.002889807450023393,-10.460618330127136,39.85658824645172,61.0,7.169314570885451,14.476468274711905
2025-01-02 01:45:32,-4.440783621080332,37.67161172860622,0.11752599394070865,0.9927474664248251,-0.010101946693329105,-5.553072754315859,47.813818456653664,0.0,1.14493598930828,0.0009170374035902441,-4.895468663932744,45.591699548402666,118.0,2.3173811905025925,10.203016437817034
2025-01-02 01:46:33,3.769797084249376,42.47301677793081,0.27440524297335017,1.0109888951572727,-0.0005184631032645623,-5.553072754315859,47.813818456653664,0.0,1.14493598930828,0.0,7.747948937867245,36.811008295274476,61.0,17.262068517511874,10.744303821015032
2025-01-02 01:47:34,0.7683795442287472,51.539039245457815,0.24584682967646024,1.0245280442549554,0.0036458966014196637,-4.627560627419093,48.92576772395929,0.0,1.2234758056480248,0.0012875379727827095,-11.174045066796962,59.53443226987083,61.0,12.46596253655116,5.995444802604569
2025-01-02 01:49:32,0.08671403464037925,50.515542703700966,0.14745956889097594,1.3301851194695506,-0.0012105625495412475,-1.8510242514386197,47.813818456653664,0.0,1.4660765716752369,0.002055938695145855,-6.54773802095894,52.476251395340505,118.0,6.617960497052985,3.3247772214720928
2025-01-02 01:50:33,-0.7059226726392658,51.11131998551718,0.07974481482151798,1.3602559699768904,0.005997422049887996,-1.8510242514386197,50.03771698985027,0.0514444,-4.691445029360758,0.0020600607564523407,-0.7951178289612435,50.745479085051315,61.0,1.2711670057204711,1.5696754499175096
2025-01-02 01:51:34,-2.0053779835493137,49.35514740986886,0.026410720149313983,1.259677928574111,-0.019925286671371133,-2.7765363759804726,52.26161552304687,0.0514444,1.4311699866353502,-0.0026322998554668686,-8.258914240665266,49.324348984804274,61.0,6.219646434313244,3.007032118075485
2025-01-02 01:53:32,2.3041383573542795,56.00209857393351,0.07197897215952129,1.8596853543392882,0.02490835747935172,-3.702048500522326,54.48551405624347,0.0514444,-4.551818689201212,0.002544039248669693,2.6364778347479496,55.94179736206881,118.0,6.503666440534941,6.194700087254167
2025-01-02 01:54:33,-9.384189268243007,62.10713484060259,0.30923563826418293,1.2852996958839478,-0.008961780973959353,-3.702048500522326,55.597463322134445,0.0514444,1.4311699866353502,-0.004921256251524979,-14.573117185814326,55.28467139832962,61.0,10.875567716121024,8.640749214191368
2025-01-02 01:55:34,-6.607056878229387,50.05094607086295,0.2604791159589082,-1.2821807345817662,-0.028517727865119333,-4.627560627419093,56.70941258873275,0.0,-1.7034413499464656,-0.051387071091505185,-16.92371360962204,53.33355217239399,61.0,12.75114942710426,6.946479811859037
2025-01-02 01:57:32,-13.57446441267767,71.46128384135011,-0.20897801247288367,1.9320919459808674,-0.020181317758671134,-6.4785848788577125,60.04526038782032,0.0514444,-4.37379510549779,-0.022630116572468856,-10.51688656840225,77.32388011568472,118.0,17.744254851526534,13.441618126179124
2025-01-02 01:58:33,-10.956918658860438,57.249195495229955,-0.05434229093472512,2.2087842867755936,0.011061040766208294,-7.404097003399565,61.15720965441862,0.0514444,-4.056145181634822,0.005207375801032288,-15.351578354463683,56.05502243786431,61.0,9.444298503238988,5.281582753676291
2025-01-02 01:59:34,-9.211639784027119,59.410687315748234,0.04139798485195085,1.8493546021170049,0.0030408538860140512,-7.404097003399565,63.38110818761522,0.0514444,-4.291764630654056,-0.003862613918348099,-5.055999294683915,63.83668542030438,61.0,2.391884918766034,4.362505335647829
2025-01-02 02:00:32,-4.824445322308256,63.829351980766184,0.07251721963486052,2.159612913038961,0.010687063037572444,-8.329609130296332,65.6050067201045,0.0514444,-4.195771521794367,0.0016550536010291252,5.544316516868957,68.92184825042206,58.0,14.2648957444599,3.929264953418652
2025-01-02 02:01:33,0.2078745310204681,58.99703634103342,-0.046160268769773805,1.9403340386835393,0.006594900546836394,-9.255121254838185,67.82890525259377,0.0,-4.242895411598216,-0.0007725227836696606,-2.5525061828717375,54.16901845669922,61.0,15.21570097233795,12.944118267157668
2025-01-02 02:02:34,-13.842242932096312,77.42614467548285,0.4346998403785078,2.355872690213071,0.025439040648872386,-9.255121254838185,68.9408545198994,0.0514444,-3.9269908169872414,0.005178763846081533,-16.420907724642763,77.58170756076015,61.0,11.225543951389918,9.64581952487256
2025-01-02 02:04:32,3.6189680853408706,84.34833635293462,0.6001467921030625,1.9435905954379304,0.036391947905274,-9.255121254838185,73.38865158558528,0.0,-4.679227724596798,-0.006374889047538605,1.5059331861781722,84.43201449478633,118.0,15.419343599091219,16.90730216618196
2025-01-02 02:05:33,-14.860244903875106,60.33987706403058,1.0270502863360627,1.4554738524182587,0.07732217511352518,-9.255121254838185,74.50060085218357,0.0,-4.682718383100786,-5.7223909901449865e-05,-19.034739718079443,73.12484683747873,61.0,9.875911927287818,15.229691701585912
2025-01-02 02:06:34,-7.5358781145781935,66.49546633263326,1.102698023656251,1.7994812853305215,0.07606958076081367,-9.255121254838185,76.72449938467285,0.0514444,-4.605923896013035,0.0012589260178319844,-7.945225488223672,66.35222781832408,61.0,10.454656587639874,10.372507611713262
2025-01-02 02:08:32,-6.167454411104186,95.69681522343727,1.4609919491022678,1.5337387456996703,0.05678962511796067,-8.329609130296332,78.94839791786946,0.0,-4.667010419832836,-0.0005176824052525533,-6.507378598074848,87.30279824578444,118.0,8.550820367170992,16.887403449647557
2025-01-02 02:09:33,-2.713166000711366,76.96535006650757,2.042108460777325,1.1897004689452968,0.05774021119101816,-7.404097003399565,81.17229645035873,0.0,1.3212142437597074,-0.004835420386672834,-7.7683107736511525,80.81761189849317,61.0,0.508382534881903,6.301050035397249
2025-01-02 02:10:34,4.966191564291715,70.65896579561395,3.303162421605127,1.4416238348412986,0.10106830464049772,-7.404097003399565,83.39619498355533,0.0514444,1.4765485471872026,0.0025464639906146794,-5.549165781613697,84.49867136421145,61.0,2.1578285398660895,17.755591982079885
2025-01-02 02:12:32,-8.818029596766815,86.7697321797514,3.0253350651110327,1.521923908573331,0.07651181301610342,-8.329609130296332,87.84399204924121,0.0514444,-4.646066468808905,0.0013607651795210084,-7.733876310680044,88.04454102780883,118.0,0.6285837137346861,1.1800800054502674
2025-01-02 02:13:33,-10.381207843703864,91.46270776774257,3.5736701644020124,1.7260468056647607,0.053458156951930846,-9.255121254838185,88.95594131583951,0.0514444,-4.574507969477138,0.0011730901529797804,-21.73712535902762,86.46458462339827,61.0,12.728208225275607,2.748080975882953
2025-01-02 02:14:34,1.0892701310134925,80.59781657860248,4.943338675727476,1.2424203516405747,0.06692918630868998,-9.255121254838185,92.29178911421975,0.0514444,-4.581489286485115,-0.00011444781980289973,-15.33843152682584,90.7039574889794,61.0,6.287119621526534,15.61266879196038
2025-01-02 02:16:32,-5.662755845523448,87.08883932185414,4.912017982591468,1.7472272956062507,0.031439607171767435,-9.255121254838185,95.62763691401466,0.0,-4.625122517784973,-0.0003697731466089677,-15.864332025599502,87.89614338738282,118.0,10.171413823294056,9.263700856241384
2025-01-02 02:17:33,-14.075258375573629,103.66447452789167,2.127942838096173,2.852805880281444,0.023209113950206122,-10.180633381734951,98.96348471380956,0.0514444,-4.520402762665314,0.0017167172970436126,-12.897128862373215,81.01657929416888,61.0,18.151329478521852,6.104703848241669
2025-01-02 02:18:34,-27.311906956385968,123.8408741221566,0.22085623702188875,2.7615282539193116,-0.009080517418432776,-10.180633381734951,100.07543397970053,0.0514444,-4.323180557189954,0.0032331509094321214,-5.252067695684691,99.3218515463238,61.0,4.985844582977499,29.296359491482875
2025-01-02 02:20:32,-20.341269917955508,102.62195391935555,0.039429789103998227,1.8744736166269487,-0.01204227263315393,-10.180633381734951,104.52323104609374,0.0514444,-4.464552226601495,-0.0011980649950130574,-18.345282467972837,103.68408701417674,118.0,8.207658460712596,10.336991319230075
2025-01-02 02:21:33,-19.994541250574194,118.38259669452766,0.24923123658915672,1.6872948836287016,-0.028615427809570337,-11.106145506276805,106.74712957929033,0.0514444,-4.314453910929982,0.0024606281257624897,-17.792969425996333,120.2981219801496,61.0,15.111022770860977,14.64198326378682
2025-01-02 02:22:34,-21.065494686597358,117.04199675624572,-0.011973792311817118,1.6791608228366475,-0.007178096736788731,-12.031657630818657,110.08297737767059,0.0514444,-4.412192349041665,-0.0016022694772406837,-10.749864602261058,105.69020526374595,61.0,4.575963309832453,11.40342767161456
2025-01-02 02:24:32,-17.377834707030768,117.16782201294788,-0.012530813294570255,2.0682587375525356,-0.03169713811301197,-13.882681884612191,114.53077444335646,0.0514444,-4.13992098573055,0.002307384434839953,-14.083629396802676,116.0572025301801,118.0,1.539598196575857,4.37836877573698
2025-01-02 02:25:33,-17.840371874724912,116.72973398693678,-0.01444768767762689,1.9420207880824185,-0.02518333621482098,-14.808194009154045,115.64272370995477,0.0514444,-4.274311338134113,-0.0022031205312059363,-20.18237639124879,117.8107932453337,61.0,5.795029058275358,3.221132401923649
2025-01-02 02:26:34,-15.324152191450361,118.8230882817664,0.03455905772156026,2.020990756497844,0.011319985953297237,-15.733706133695897,116.75467297726038,0.0,-4.3161992401819775,-0.0006866869188174566,-12.893187469980269,118.28057438515621,61.0,3.2244257450800897,2.1085721006225007
2025-01-02 02:28:32,-1.565494861020687,120.87955756137437,-0.015381173286500842,2.146606636499079,0.01249529456117443,-17.584730385134517,121.20247004294626,0.0514444,-4.136430327226561,0.0015234653640289442,0.7738454242325901,124.15167063975848,118.0,18.59395304685146,16.02248979552758
2025-01-02 02:29:33,-4.413241095654607,121.35859320395583,0.17635092089672652,1.8679334417744857,0.0027567938860015226,-20.36126676111499,123.42636857543555,0.0514444,-4.195771521794367,-0.0009728064683246769,-4.641916188965517,119.66798637869198,61.0,16.16240759128834,16.081517888964374
2025-01-02 02:30:34,1.9094959786248473,108.3373012982581,-0.006506316724861322,2.190368609298162,-0.009767769152028165,-19.435754636573137,125.65026710792482,0.0,-4.113741046950635,0.00134476188268413,3.2796160380992134,105.99563228183935,61.0,30.038187945256226,27.483786292145023
2025-01-02 02:32:32,-4.634605403626569,118.45362224999464,0.05130922008072705,2.091079378743334,-0.00176237168258786,-22.212291014908523,131.21001344091633,0.0514444,-4.255112716362175,-0.0011980649950130574,-20.36272142500054,117.86553683113063,118.0,13.472043781736685,21.71866818349811
2025-01-02 02:33:33,-22.3364244739295,145.16452631473172,0.47109652650194417,2.177860958289096,0.0012865218611988144,-24.06331526399223,134.54586123929658,0.0514444,-4.171336912266447,0.0013733738376348842,-37.57761670619331,143.24753805496013,61.0,16.073441537982298,10.758168979202235
2025-01-02 02:34:34,-22.501890521286203,143.14729915271903,0.40091220897654184,2.2616841219329267,-0.015770897938594423,-25.91433951543085,136.7697597732005,0.0514444,-4.169591583014453,2.8611954950724932e-05,-24.184785613127698,140.07611699045992,61.0,3.731401177720723,7.2331056037464645
2025-01-02 02:36:32,-25.751186346634416,161.42007883314176,-0.22061625866089618,2.105756394039941,0.02053698079954324,-29.61638801830809,142.32950610477735,0.0514444,-4.227187448330266,-0.00048810055352383765,-19.71625415746677,157.18386492135357,118.0,17.85117996979955,19.477929845332124
2025-01-02 02:37:33,-30.995542173370254,154.91937166048854,-0.07028457435786759,2.109662321002001,0.012877314880279751,-31.467412269746706,145.66535390457224,0.0514444,-4.234168765338244,-0.00011444781980289973,-31.48387486742022,156.45218618048708,61.0,10.786844838313014,9.266040471240581
2025-01-02 02:38:34,-42.56404529573207,152.48470896576623,0.09603924480946768,1.8394087019847358,-0.006764446958400776,-34.24394864572718,149.00120170365983,0.0514444,-4.408701690537677,-0.002861195495072668,-49.626439358240894,144.0856324438512,61.0,16.14880310328125,9.019913032317476
2025-01-02 02:40:32,-44.060089208613874,140.20393285997997,-0.005075499586605936,1.4376284458201682,-0.0023989809499468475,-35.16946077262395,156.7848465691406,0.1028888,-4.560545335461184,-0.0012868105501992193,-39.12337910456597,139.3046183971812,118.0,17.921825998469856,18.814089757877298
2025-01-02 02:41:33,-41.551920361550536,152.3480259961581,0.17228402363738374,1.7370368776360179,0.006336703497235155,-37.02048502170766,159.00874510162987,0.0514444,-4.581489286485115,-0.0003433434594087138,-40.4217184483598,153.63453862856835,61.0,6.360069499437266,8.055996849625354
2025-01-02 02:42:34,-42.977163308637145,161.5268521931506,0.20439358747971775,1.9808224233291065,-0.02510590008601952,-41.64804565148166,160.1206943682282,0.1028888,-4.295255289158045,0.004692360611919166,-42.05958111994074,162.28291752856532,61.0,2.201038490553525,1.9348988539851455
2025-01-02 02:44:32,-42.61013434196136,162.96028969970445,0.44972172451431836,2.169712278752912,-0.039911051716880024,-46.27560627890075,166.79238996711067,0.1028888,-4.145156973486532,0.0012720196243348615,-41.898990468485444,165.51684718961113,118.0,4.558703250838827,5.302893264996479
2025-01-02 02:45:33,-52.9281375600042,170.53666135725032,0.08724775800726567,1.3867649642771973,-0.02146767874103611,-48.12663053033937,171.24018703279654,0.0514444,-4.628613176288962,-0.007925511521351302,-48.77560066446112,162.7227189226653,61.0,8.542155772525136,4.852774271700011
2025-01-02 02:46:34,-63.95996385883905,167.86085992223767,-0.10119355338365045,1.8018075220033212,-0.008317699566633545,-50.903166906319846,173.4640855652858,0.0514444,-4.277801996638102,0.005751002945096061,-66.31861950978515,167.98475312992406,61.0,16.360295318449865,14.208310394491923
2025-01-02 02:48:32,-58.815817633424246,168.5338988267092,0.04219421374232343,2.3057379746177777,-0.000535258422649838,-53.67970328465524,182.35967969665757,0.0514444,-4.091051766674708,0.0015826290674863905,-66.82437901858005,171.24390915966418,118.0,17.21461166512686,14.748962243746552
2025-01-02 02:49:33,-61.387516552811675,181.4028075132744,0.1577237359307927,2.1860388403596582,0.024517347792366105,-56.4562396606357,186.80747676234344,0.1028888,-4.073598474154765,0.0002861195495072785,-56.57791492101227,186.8747670185577,61.0,0.13904261062381357,7.3162792100316345
2025-01-02 02:50:34,-62.37005268569276,193.9661337315793,0.1685556612691862,2.3401397227424567,0.011606072377609857,-60.15828816351294,190.14332456213833,0.1028888,-4.02298392584693,0.0008297466935710522,-60.01266255967565,200.3572325321374,61.0,10.2149460515513,4.416533963136173
2025-01-02 02:52:32,-70.77467876420597,209.24648816827488,0.122907569248628,2.063300367837708,-0.010298302765905628,-65.71136091547389,199.03891869421741,0.1028888,-4.209734155810323,-0.0015826290674863905,-70.86826202919706,205.60391291532292,118.0,8.348220062975576,11.394369759008116
2025-01-02 02:53:33,-70.38581997804633,198.84215048100845,0.02777244239767672,2.1486556809037882,0.00960598676426189,-68.48789729380928,201.2628172267067,0.0514444,-4.106759729942658,0.0016881053420928875,-68.26899405646671,196.82605791821118,61.0,4.442156209414592,3.0759938246152037
2025-01-02 02:54:34,-71.24340690097942,203.19667629926474,0.06877762410503817,2.522864461148483,0.025603983346890357,-71.26443366978975,205.71061429239256,0.1028888,-3.883357585687383,0.0036623302336930247,-68.87692324337355,205.92712405699783,61.0,2.3973073466736565,2.5140259263377063
2025-01-02 02:56:32,-75.62716279784922,217.2597080943086,-0.07491416069294593,2.359281799796444,0.012485679400252218,-78.66853067554422,212.3823098905677,0.1028888,-3.8309977081275535,0.00044372777593076424,-73.63376279153805,216.88172251211515,118.0,6.752303428072553,5.747950226413737
2025-01-02 02:57:33,-67.36715245600938,216.35300080478808,-0.1333668345841929,2.5382031870908306,0.0034486018109314573,-83.29609130296332,214.60620842376431,0.0514444,-3.741985916275842,0.001459209702487059,-65.22019060575707,219.98145705779945,61.0,18.85819407825039,16.024430611176204
2025-01-02 02:58:34,-78.9324723628448,219.90826292516832,0.11571716084883243,2.4226068476101235,-0.010681040250822853,-86.99813980584057,217.94205622355923,0.1028888,-3.7664205258037633,-0.0004005673693101782,-80.74458834654374,219.5782555551358,61.0,6.464058640415099,8.30186485643161
2025-01-02 03:00:32,-90.32223468858078,217.19323888851582,0.11829043588603075,2.4693450910152364,0.010337685420180964,-95.32774893613689,225.72570108833267,0.1028888,-3.722787294503905,0.00036977314660896016,-88.94464104594813,217.54563890362053,118.0,10.37581243486733,9.892324503057436
2025-01-02 03:01:33,-100.66424632999924,218.75043580091418,0.20556335327620673,2.6295813763577165,0.008130772482516537,-99.02979743665921,227.94959962152927,0.1028888,-3.600614246864302,0.002002836846550891,-103.06623939474224,214.48106596171868,61.0,14.060379177903561,9.343234888594754
2025-01-02 03:02:34,-110.5702061156203,227.62862917813672,0.2575039459752512,2.685277275562508,0.013660446115538263,-102.73184593953646,231.28544742061686,0.0514444,-3.6093408931242736,-0.00014305977475362466,-109.9088978583734,232.46040309847388,61.0,7.272592047585881,8.649405176574435
2025-01-02 03:04:32,-100.303681110893,254.5538581583557,-0.09466617224088299,2.608259338197235,0.008582476129906955,-112.9124793212714,239.0690922853903,0.1028888,-3.6110862223762674,-1.4790925864357804e-05,-97.0347138316525,250.27804984511286,118.0,19.435641654419204,19.968970089881843
2025-01-02 03:05:33,-130.93345506661475,251.4162999456149,0.2842820426093676,2.9249861889796547,0.01915100999512529,-118.46555207558727,240.1810415519886,0.1028888,-3.516838442768574,0.0015450455673392339,-137.68779548607347,241.1945880405991,61.0,19.24894589884222,16.783314218747797
2025-01-02 03:06:34,-135.09181126735572,254.70897803977465,0.24529259946975346,2.540960277708583,-0.012566007448717796,-124.01862482754822,242.40494008518522,0.1028888,-3.6320301734002003,-0.001888389026747962,-128.9844803384538,243.24040931935545,61.0,5.035645916507271,16.55309058510567
2025-01-02 03:08:32,-136.4101182106445,255.7668337769372,-0.2547284306581037,2.739387450597667,0.020529481022815075,-132.34823395784454,246.8527371508711,0.0514444,-3.4557519189487724,0.0014938835123002286,-127.73349046628333,255.66219645050904,118.0,9.944970117847722,9.795918657379078
2025-01-02 03:09:33,-140.1533540355124,247.31855672909927,-0.03481021174441058,2.7102303514366137,0.0024746266587694563,-136.97579458761857,247.96468641746938,0.1028888,-3.5063664672566075,-0.0008297466935710813,-142.481056608563,250.39433515916542,61.0,6.017566196335383,3.2425865630839494
2025-01-02 03:10:34,-146.08327385575586,250.9845576175897,0.07608307251689854,3.050520673525986,0.034051852953502944,-141.60335521503762,250.18858494995865,0.1028888,-3.4382986264288293,0.0011158662430783598,-146.1805090210973,253.5802373393632,61.0,5.696809887549359,4.550081704219216
2025-01-02 03:12:32,-151.71975818740603,253.47222172694973,0.14701046048493993,2.9453012727679106,0.027680354342309605,-150.85847647223073,254.63638201564453,0.0514444,-3.335324200561164,0.0008726646259971557,-151.40924884034933,254.1455576554387,118.0,0.737738947090662,1.4481282300505238
2025-01-02 03:13:33,-166.0304754406895,248.98064845201415,0.2496256549525776,3.0459565000215725,0.026080654879013915,-157.33706134873356,255.74833128224284,0.1028888,-3.3981560536329596,-0.0010300303782261558,-165.39392144098582,246.5987697431299,61.0,12.191286679597928,11.017122104469488
2025-01-02 03:14:34,-162.5022219361849,265.4084017468993,-0.015405777549789501,2.698116377649408,-0.0009891280277565906,-161.96462197850755,256.86028054884116,0.1028888,-3.3894294073729876,0.0001430597747536538,-152.3156074512053,259.6835762842608,61.0,10.053580464577227,8.565009616526162
2025-01-02 03:16:32,-169.15380181862602,265.4357084869066,0.018357056305662364,2.8790818451171267,-0.008321856698200365,-170.29423110880387,261.3080776152343,0.0514444,-3.4225906631608805,-0.0002810275914228284,-171.0204764262493,262.0378669485298,118.0,1.0295750249997946,4.282279250431684
2025-01-02 03:17:33,-176.65438066013982,265.45263685917905,0.11489255619821205,3.066488932198864,-0.00443041204938455,-176.77281598766157,263.53197614772364,0.1028888,-3.3265975543011925,0.0015736575222899587,-180.69212325748074,259.5700862783092,61.0,5.572929284732244,1.924308835746901
2025-01-02 03:18:34,-197.5658224731043,268.4359525919708,0.33106983712033716,3.0052271713763123,-0.005154280264420023,-182.32588874197745,265.7558746809202,0.0514444,-3.2759830059933566,0.0008297466935710813,-200.48767964849193,265.3979376580175,61.0,18.165317719333085,15.473797133814294
2025-01-02 03:20:32,-193.0383649896142,255.37731017114638,0.2722322969670201,3.091475815247608,0.006943212601791624,-189.72998574537704,269.0917224793005,0.0514444,-3.2620203719774015,0.00011832740691487749,-186.75809260246717,265.3335565794101,118.0,4.791237813339439,14.107816208816578
2025-01-02 03:21:33,-195.81714471384566,264.28413324981454,0.15988305519078186,2.9235143817337996,0.0057670665909565055,-194.3575463727961,270.20367174589876,0.0514444,-3.263765701229396,-2.8611954950724932e-05,-195.93034845150817,267.7697236764996,61.0,2.8978974418244805,6.096832236810983
2025-01-02 03:22:34,-193.89320565316606,269.68086813261914,0.10553542676753808,-2.9626697533085964,-0.00275625216322448,-198.05959487567335,271.3156210132044,0.0514444,-3.1381019950858047,0.0020600607564523117,-192.96762920868474,279.6760927381455,61.0,9.78905520555125,4.475624664111898
2025-01-02 03:24:32,-189.69406440142907,271.4318282782386,0.12855058684648735,-3.0854264436347973,-0.0015712603481253978,-207.31471613286647,273.5395195456937,0.1028888,-3.396410724380966,-0.0021890570279250905,-189.50796021939595,281.9965977003199,118.0,19.71300908221201,17.746259603632367
2025-01-02 03:25:33,-212.21981958730396,271.078456542147,0.3896968490491223,3.0415557295902924,0.029950984918722678,-211.01676463338876,274.65146881158466,0.0514444,-3.1904618726456344,0.003376210684185746,-214.045546100552,270.8748586105219,61.0,4.841105430230027,3.770113778083073
2025-01-02 03:26:34,-212.74280239931775,283.181417089157,-0.046160669502885214,-2.9951590202844245,0.028741209786280277,-215.64432526316278,275.76341807889025,0.0514444,-2.986258350162298,0.003347598729235021,-202.38768354113932,277.9923029768935,61.0,13.442710948117572,7.965271134477068
2025-01-02 03:28:32,-230.17014937065284,285.82401664397025,-0.10405766698755137,-2.6490071273301394,0.04660056632791435,-223.9739343934591,277.9873166113795,0.0514444,-2.855358656262723,0.0011093194398269107,-239.49614937225516,284.53310983949933,118.0,16.845965891965346,9.990342709056954
2025-01-02 03:29:33,-221.76645465115269,280.3638436796197,0.12749415430307837,-2.4618363533776515,0.003876961492048257,-226.75047076943957,279.0992658772705,0.0514444,-2.7139869868511823,0.002317568351008865,-222.32894831873946,277.3560561526961,61.0,4.752750879847992,5.14194259842891
2025-01-02 03:30:34,-238.3099996105536,271.56477811533733,0.3070190527518329,-3.0968308139281304,-0.006882202441450517,-230.4525192723168,280.21121514457616,0.0514444,-3.0106929596902186,-0.00486403234162353,-243.40967241703345,273.56051574236324,61.0,14.56432697223719,11.683358702289773
2025-01-02 03:32:32,-247.64082324416694,274.4752650497043,0.03132813214135324,-2.972253349828027,0.010160590893705296,-236.93110415117454,279.0992658772705,0.0514444,-2.8379053637427796,0.001464301660571513,-242.54445249782557,283.8528007119241,118.0,7.3556626543850525,11.665310398962335
2025-01-02 03:33:33,-249.05522327497047,271.2008099522679,0.21831955637742048,-2.6241202119757454,-0.00933526391986554,-238.78212840261313,279.0992658772705,0.0514444,-2.572615317439642,0.004349017152510452,-246.6400446823531,269.1908140758208,61.0,12.646116611871584,12.95847538314843
2025-01-02 03:34:34,-251.80955553679604,272.85911187355725,0.13279957964756456,-2.8277409194132055,-0.006079384340453729,-241.55866477859362,279.0992658772705,0.0514444,-2.590068609959585,-0.0002861195495072785,-253.79585987574006,282.3848425269757,61.0,12.670594215217886,12.000845108852056
2025-01-02 03:36:32,-250.41037910962982,258.0448650002238,0.13133210787409666,-1.9333493401325181,-0.016527664647214675,-247.1117375329095,281.32316441046714,0.0514444,-1.7767451785302277,0.006892571452791174,-250.42622695205918,259.3995800363723,118.0,22.17271728764228,23.510854082414852
2025-01-02 03:37:33,-242.7065934763859,271.6695774714973,-0.17820827083202034,-2.6571364352867892,-0.0059387543270841845,-248.96276178434812,281.32316441046714,0.0514444,-2.485348854839925,-0.011616453709995051,-247.27772867281175,280.67388754839885,61.0,1.8057954010881707,11.503537833458022
2025-01-02 03:38:34,-258.4498017787897,277.10409426244854,0.2511275912754063,-2.6676169461078203,0.008630378461371543,-252.6648102848704,282.43511367706543,0.0514444,-2.5761059759436304,-0.001487821657437784,-265.272442671266,293.3959397985105,61.0,16.70604991178474,7.866758835997259
2025-01-02 03:40:32,-256.04927811031934,282.91601637346974,-0.043647127801478086,-2.188554347102247,-0.0031930165186129064,-255.44134666320582,281.32316441046714,0.0514444,-2.2078415037728267,0.0031208853573796926,-249.2155420960264,279.7741978115385,118.0,6.415601299434727,1.7049217050735128
2025-01-02 03:41:33,-256.2864628321181,280.4154690723634,0.11975299987280243,-2.4908980827045766,0.017572526064351227,-257.29237091464444,281.32316441046714,0.0514444,-2.520255439879812,-0.005121539936180084,-254.2024421568811,279.2331878171391,61.0,3.730370207997069,1.3549029106570911
2025-01-02 03:42:34,-260.231171410063,281.1854445770204,0.19156403746264963,-2.493614522067249,-0.018359948373086257,-259.14339516608305,281.32316441046714,0.0514444,-2.717477645355171,-0.0032331509094321214,-258.87097091570706,282.0918190112675,61.0,0.8155028310953065,1.0964597163104919
2025-01-02 03:44:32,-255.52067249801752,281.7872193376293,-0.20251776187115633,3.034859321180531,-0.026356056354708314,-261.9199315420635,281.32316441046714,0.0,-3.05956217874606,-0.0028990214694143103,-251.20670636012497,286.31201140400606,118.0,11.817858863764817,6.416062911804098
2025-01-02 03:45:33,-248.7831293774482,290.9128869105675,0.053555618385753144,-2.3857293118114034,0.01560649785136091,-263.77095579350214,281.32316441046714,0.0514444,-2.490584842595908,0.00932749731393691,-252.8468016845768,289.3419076274523,61.0,13.551287236845656,17.793193032918392
2025-01-02 03:46:34,-259.29625258515614,278.97887231464716,0.3822833627977431,-1.8044703352801361,0.025390326665607026,-264.69646791804405,280.21121514457616,0.0514444,-1.7610372152622786,0.011959797169403751,-264.36688333340334,280.2491153950123,61.0,0.33175657855710355,5.5390427414883785
2025-01-02 03:48:32,-258.4702698907427,289.2511397350259,0.8280555062025968,-1.3226978153249307,0.06606390303693498,-264.69646791804405,279.0992658772705,0.0514444,-1.2636183784438948,0.004215413871342245,-256.20552680852285,284.8263628048567,118.0,10.241861165985636,11.909075728155749
2025-01-02 03:49:33,-266.6624058496749,275.5561169955126,0.6959285113547137,-1.7883779220307237,0.05847112324886564,-265.6219800449408,277.9873166113795,0.0514444,-1.8500490071139892,-0.00961361686344419,-267.4729498675194,273.85282206078335,61.0,4.529915503958768,2.6444692146720326
2025-01-02 03:50:34,-260.5179108302626,286.871146537595,1.0897953810263024,-1.6509688908074556,0.09189473522274777,-266.5474921694826,275.76341807889025,0.0514444,-1.401499389351447,0.007353272422336774,-254.91345363109542,281.3444859947293,61.0,12.903455808189005,12.63872947089972
2025-01-02 03:52:32,-269.69132356148566,278.52832981785366,0.9419232695757842,-1.702345508042279,0.07429360255974418,-269.3240285454631,275.76341807889025,0.0514444,-1.736602605734358,-0.002839857765956879,-270.78852091872733,278.9283387278532,118.0,3.4873285800998453,2.789201059990597
2025-01-02 03:53:33,-264.78562163571655,265.9935177575807,0.9019023132793516,-2.3014550595673215,0.06115848731359572,-271.17505279925666,276.87536734478124,0.0514444,-2.2794000031045942,-0.008898317989676007,-263.41671698762815,265.4400619877886,61.0,13.818754762049345,12.619012680557606
2025-01-02 03:54:34,-266.65884890512825,282.8029299836354,1.1602711108636572,-1.8190956997529202,0.09313135847960949,-272.10056492379846,275.76341807889025,0.0514444,-1.8046704465621368,0.007782451746597677,-264.4483980397373,276.89037558019913,61.0,7.734706926010748,8.897584002688633
2025-01-02 03:56:32,-266.80160610747834,258.4067052889713,1.0956748894697974,-2.3013784036011713,0.08116087700597577,-273.02607704834037,275.76341807889025,0.0514444,-2.309070600388498,-0.0042745775747996765,-265.6431323353992,258.54490025402674,118.0,18.734599774734683,18.439075827312287
2025-01-02 03:57:33,-281.0708104221184,275.233173133891,1.382617097051569,-0.7886812187650484,0.07335768691906125,-273.02607704834037,273.5395195456937,0.0514444,-1.0541788682045752,0.02057199560957251,-273.57290378517985,276.23503147321316,61.0,2.750418882919886,8.221082503660462
2025-01-02 03:58:34,-269.4505362176447,278.3511452748402,1.336531468527713,-1.672594718129157,0.08178265992989496,-273.95158917523713,274.65146881158466,0.0514444,-1.5341444125030157,-0.007868287611449852,-268.92554457549795,279.26334240145326,61.0,6.8213270210051355,5.826412589219754
2025-01-02 03:59:35,-273.9427550568585,271.91523785879025,1.1115037070740998,-1.7617775286950423,0.09154738076371076,-274.87710129977893,273.5395195456937,0.0514444,-1.656317460142619,-0.002002836846550862,-275.62250499578727,271.39595491194166,61.0,2.2694704248117725,1.8738446840838603
2025-01-02 04:00:32,-282.36716283646774,263.4926473903615,0.7784029076754141,-1.6765859309443027,0.07113326069322794,-274.87710129977893,273.5395195456937,0.0514444,-1.5655603390389135,0.001592230194801839,-287.62629588269743,260.14245447303983,57.0,18.493872365571256,12.531586568706043
2025-01-02 04:01:33,-270.9037567783776,260.9355475437356,1.3434887284892423,-1.656084128509866,0.07896563266404695,-275.8026134266757,272.4275702790954,0.0514444,-1.4957471689591402,0.0011444781980290847,-263.20395162636345,260.21432102929555,61.0,17.546787067619626,12.4926131377947
2025-01-02 04:02:34,-277.8291646785585,265.55736960631884,1.3295377189872726,-1.6212879112497294,0.08050351538412812,-275.8026134266757,272.4275702790954,0.0514444,-1.4748032179352084,0.0003433434594086992,-276.2858098218805,267.29141660470066,61.0,5.1588325543031,7.162860270920215
2025-01-02 04:04:32,-276.56242443675774,278.7086920835147,1.4537438172337447,-1.9210659171069435,0.0769966384954008,-275.8026134266757,270.20367174589876,0.0514444,-1.953023432981655,-0.004052713686834295,-271.4501202727101,257.74223604400066,118.0,13.199680920683576,8.538892417304616
2025-01-02 04:05:33,-283.1047981034709,283.13429501682583,1.7533777435783577,-1.5540127028328468,0.07027190495195555,-275.8026134266757,267.9797732134095,0.0514444,-1.6929693744344996,0.0042631812876583065,-279.0702408559509,283.99424981379,61.0,16.344444004024343,16.82205195997932
2025-01-02 04:06:34,-276.34843370606814,276.261192362903,1.980435191326282,-2.016087193632358,0.05696181445111953,-275.8026134266757,266.8678239468112,0.0514444,-1.8343410438460404,-0.002317568351008865,-270.9137342648057,276.837680366084,61.0,11.10401623198927,9.409213037115634
2025-01-02 04:08:32,-279.0460137948038,266.23529863010907,2.199187564700683,-2.205904312405915,0.036276451695437265,-276.7281255512176,266.8678239468112,0.0514444,-2.1642082724729685,-0.0027954849883638057,-276.6872091026108,256.27489140169536,118.0,10.593011567120136,2.4026431666030295
2025-01-02 04:09:33,-260.4725580744026,284.16855092829854,4.257104418047504,-3.0080135604980383,0.07923011198330918,-277.65363767811436,265.7558746809202,0.0514444,-2.4958208303518914,-0.005436271440638087,-275.9627919517204,261.2239818120348,61.0,4.837045818009061,25.183648324654026
2025-01-02 04:10:34,-282.64701940891644,272.37099483807583,4.205599434125869,-2.9261160490498015,0.07945171421888964,-279.504661929553,266.8678239468112,0.0514444,-2.6546457922833753,-0.0026036879005161147,-277.64591918463543,266.75680341959196,61.0,1.8620553561179816,6.337136607851672
2025-01-02 04:12:32,-331.07240905401864,262.46448288499624,3.7193598848098133,-1.8102868168199662,0.03896827979042636,-283.20671043007525,265.7558746809202,0.0,-2.4766222085799536,0.0015086744381645864,-298.5136824658063,275.12043839874775,118.0,17.944315159066523,47.97872825234587
2025-01-02 04:13:33,-295.54480018116783,305.43469099989164,5.756418352246937,-2.668432041045458,0.07760717695039622,-284.132222556972,266.8678239468112,0.0514444,-1.8360863730980346,0.010500587466916721,-296.62525575967896,279.83798942233136,61.0,18.008361143266576,40.22002190847584
2025-01-02 04:14:34,-293.31898322567383,259.5005254206962,5.885102650293061,-2.902389615784339,0.024220049262585648,-285.9832468084107,265.7558746809202,0.0,-2.3003439541285267,-0.007610780016893327,-283.89152039555177,253.26781387491985,61.0,12.662029145465354,9.640665078247766
2025-01-02 04:16:32,-281.89441081712175,281.78041816875873,7.547547668849871,2.450845962691308,0.0454577909143391,-288.75978318439115,264.64392541361457,0.0514444,-2.7000243528352277,-0.003387122022938148,-292.4218662527522,270.3505555302275,118.0,6.78059582097401,18.46057208453667
2025-01-02 04:17:33,-293.62914688789454,263.45196645211314,5.624753179733963,-0.5280737687653675,0.02308408849790167,-289.685295308933,264.64392541361457,0.0,-1.387536755335492,0.02151619012294649,-283.35173128533273,261.7003056080999,61.0,6.984191492253203,4.120040223442109
2025-01-02 04:18:34,-273.1613369696448,236.41020925617605,4.037096941693404,0.4306347144177294,0.012625859709276118,-291.5363195603716,263.53197614772364,0.0514444,-0.44505895925855404,0.015450455673392425,-282.393515998506,252.2530665327512,61.0,14.519113577404786,32.7601926814993
2025-01-02 04:20:32,-324.01719318874177,271.7137243643615,5.959248978659247,-1.741704624596929,0.008992353514580498,-289.685295308933,263.53197614772364,0.0514444,-0.3473205211468717,0.0008282918484040973,-305.8712774059565,271.27385647227703,118.0,17.942205199051543,35.29334520713606
2025-01-02 04:21:33,-287.3984086366125,246.16060057156162,4.964235461992906,-0.6228186467055103,-0.005661535637153611,-289.685295308933,263.53197614772364,0.0514444,-0.49741883681838395,-0.0024606281257624897,-289.58819388817534,245.7905133850235,61.0,17.74172848530235,17.521259659628235
2025-01-02 04:22:34,-298.2137904122286,213.2856270215741,4.24935083107507,-1.8603077973398283,-0.007186250845802876,-291.5363195603716,262.4200268811253,0.0514444,-2.363175807200322,-0.030586179842326876,-291.3931330928551,219.21472733391778,61.0,43.20553681333458,49.5860652455472
